id_alerta,nivel,mensaje,fecha_hora,estado,id_incidente
1,Cr├¡tico,"Alerta autom├ítica para incidente #102 - revisar prioridad.","2025-09-07 18:50:48",Pendiente,89
2,Cr├¡tico,"Alerta autom├ítica para incidente #175 - revisar prioridad.","2025-09-07 10:50:48",Pendiente,343
3,Cr├¡tico,"Alerta autom├ítica para incidente #269 - revisar prioridad.","2025-09-02 20:50:48",Pendiente,48
4,Medio,"Alerta autom├ítica para incidente #299 - revisar prioridad.","2025-09-23 12:50:48",Revisada,78
5,Alto,"Alerta autom├ítica para incidente #128 - revisar prioridad.","2025-10-15 05:50:48",Pendiente,32
6,Medio,"Alerta autom├ítica para incidente #181 - revisar prioridad.","2025-09-23 03:50:48",Pendiente,236
7,Medio,"Alerta autom├ítica para incidente #313 - revisar prioridad.","2025-10-09 11:50:48",Pendiente,4
8,Informativo,"Alerta autom├ítica para incidente #338 - revisar prioridad.","2025-07-10 20:50:48",Pendiente,165
9,Alto,"Alerta autom├ítica para incidente #219 - revisar prioridad.","2025-07-12 05:50:48",Pendiente,353
10,Alto,"Alerta autom├ítica para incidente #343 - revisar prioridad.","2025-11-08 00:50:48",Revisada,40
11,Medio,"Alerta autom├ítica para incidente #243 - revisar prioridad.","2025-08-02 08:50:48",Revisada,290
12,Informativo,"Alerta autom├ítica para incidente #298 - revisar prioridad.","2025-08-13 14:50:48",Revisada,348
13,Alto,"Alerta autom├ítica para incidente #282 - revisar prioridad.","2025-09-26 01:50:48",Pendiente,90
14,Alto,"Alerta autom├ítica para incidente #25 - revisar prioridad.","2025-11-06 02:50:48",Pendiente,313
15,Alto,"Alerta autom├ítica para incidente #156 - revisar prioridad.","2025-08-31 19:50:48",Pendiente,312
16,Cr├¡tico,"Alerta autom├ítica para incidente #165 - revisar prioridad.","2025-10-05 07:50:48",Pendiente,23
17,Cr├¡tico,"Alerta autom├ítica para incidente #183 - revisar prioridad.","2025-08-29 03:50:48",Pendiente,45
18,Cr├¡tico,"Alerta autom├ítica para incidente #34 - revisar prioridad.","2025-08-13 18:50:48",Revisada,300
19,Cr├¡tico,"Alerta autom├ítica para incidente #280 - revisar prioridad.","2025-08-03 18:50:48",Pendiente,290
20,Alto,"Alerta autom├ítica para incidente #133 - revisar prioridad.","2025-09-21 02:50:48",Revisada,224
21,Medio,"Alerta autom├ítica para incidente #26 - revisar prioridad.","2025-10-08 07:50:48",Pendiente,108
22,Cr├¡tico,"Alerta autom├ítica para incidente #295 - revisar prioridad.","2025-10-18 00:50:48",Pendiente,266
23,Informativo,"Alerta autom├ítica para incidente #48 - revisar prioridad.","2025-09-01 16:50:48",Pendiente,43
24,Cr├¡tico,"Alerta autom├ítica para incidente #315 - revisar prioridad.","2025-08-10 23:50:48",Pendiente,312
25,Cr├¡tico,"Alerta autom├ítica para incidente #273 - revisar prioridad.","2025-10-27 08:50:48",Revisada,317
26,Informativo,"Alerta autom├ítica para incidente #15 - revisar prioridad.","2025-07-31 22:50:48",Revisada,179
27,Medio,"Alerta autom├ítica para incidente #95 - revisar prioridad.","2025-10-22 07:50:48",Pendiente,351
28,Alto,"Alerta autom├ítica para incidente #311 - revisar prioridad.","2025-09-24 06:50:48",Revisada,307
29,Cr├¡tico,"Alerta autom├ítica para incidente #259 - revisar prioridad.","2025-10-19 05:50:48",Pendiente,297
30,Alto,"Alerta autom├ítica para incidente #115 - revisar prioridad.","2025-11-09 11:50:48",Pendiente,25
31,Cr├¡tico,"Alerta autom├ítica para incidente #133 - revisar prioridad.","2025-10-30 10:50:48",Pendiente,62
32,Alto,"Alerta autom├ítica para incidente #279 - revisar prioridad.","2025-08-03 19:50:48",Pendiente,45
33,Cr├¡tico,"Alerta autom├ítica para incidente #285 - revisar prioridad.","2025-10-11 08:50:48",Pendiente,313
34,Cr├¡tico,"Alerta autom├ítica para incidente #227 - revisar prioridad.","2025-08-17 13:50:48",Pendiente,351
35,Alto,"Alerta autom├ítica para incidente #273 - revisar prioridad.","2025-10-19 22:50:48",Pendiente,355
36,Cr├¡tico,"Alerta autom├ítica para incidente #326 - revisar prioridad.","2025-08-04 04:50:48",Pendiente,43
37,Medio,"Alerta autom├ítica para incidente #345 - revisar prioridad.","2025-09-22 00:50:48",Revisada,261
38,Cr├¡tico,"Alerta autom├ítica para incidente #7 - revisar prioridad.","2025-10-31 23:50:48",Pendiente,173
39,Cr├¡tico,"Alerta autom├ítica para incidente #7 - revisar prioridad.","2025-10-31 14:50:48",Revisada,151
40,Informativo,"Alerta autom├ítica para incidente #248 - revisar prioridad.","2025-09-17 16:50:48",Pendiente,105
41,Cr├¡tico,"Alerta autom├ítica para incidente #232 - revisar prioridad.","2025-08-10 08:50:48",Revisada,322
42,Alto,"Alerta autom├ítica para incidente #43 - revisar prioridad.","2025-10-09 02:50:48",Pendiente,202
43,Cr├¡tico,"Alerta autom├ítica para incidente #27 - revisar prioridad.","2025-08-28 22:50:48",Pendiente,35
44,Cr├¡tico,"Alerta autom├ítica para incidente #225 - revisar prioridad.","2025-07-20 15:50:48",Pendiente,162
45,Alto,"Alerta autom├ítica para incidente #145 - revisar prioridad.","2025-09-12 15:50:48",Revisada,234
46,Cr├¡tico,"Alerta autom├ítica para incidente #225 - revisar prioridad.","2025-08-08 23:50:48",Pendiente,142
47,Alto,"Alerta autom├ítica para incidente #115 - revisar prioridad.","2025-08-19 15:50:48",Pendiente,192
48,Cr├¡tico,"Alerta autom├ítica para incidente #229 - revisar prioridad.","2025-09-23 11:50:48",Revisada,302
49,Medio,"Alerta autom├ítica para incidente #320 - revisar prioridad.","2025-09-02 22:50:48",Pendiente,336
50,Informativo,"Alerta autom├ítica para incidente #355 - revisar prioridad.","2025-08-21 23:50:48",Revisada,313
51,Informativo,"Alerta autom├ítica para incidente #137 - revisar prioridad.","2025-08-01 12:50:48",Revisada,91
52,Medio,"Alerta autom├ítica para incidente #294 - revisar prioridad.","2025-08-26 23:50:48",Revisada,249
53,Medio,"Alerta autom├ítica para incidente #74 - revisar prioridad.","2025-10-17 00:50:48",Pendiente,286
54,Medio,"Alerta autom├ítica para incidente #93 - revisar prioridad.","2025-07-30 18:50:48",Pendiente,293
55,Alto,"Alerta autom├ítica para incidente #8 - revisar prioridad.","2025-07-30 15:50:48",Revisada,94
56,Informativo,"Alerta autom├ítica para incidente #355 - revisar prioridad.","2025-07-17 13:50:48",Pendiente,191
57,Cr├¡tico,"Alerta autom├ítica para incidente #337 - revisar prioridad.","2025-09-21 14:50:48",Pendiente,105
58,Cr├¡tico,"Alerta autom├ítica para incidente #205 - revisar prioridad.","2025-08-25 02:50:48",Revisada,309
59,Medio,"Alerta autom├ítica para incidente #192 - revisar prioridad.","2025-09-04 21:50:48",Pendiente,256
60,Cr├¡tico,"Alerta autom├ítica para incidente #106 - revisar prioridad.","2025-07-23 04:50:48",Revisada,214
61,Alto,"Alerta autom├ítica para incidente #47 - revisar prioridad.","2025-08-20 16:50:48",Pendiente,24
62,Alto,"Alerta autom├ítica para incidente #312 - revisar prioridad.","2025-10-30 17:50:48",Pendiente,254
63,Medio,"Alerta autom├ítica para incidente #106 - revisar prioridad.","2025-10-17 12:50:48",Revisada,300
64,Alto,"Alerta autom├ítica para incidente #228 - revisar prioridad.","2025-07-20 14:50:48",Pendiente,183
65,Alto,"Alerta autom├ítica para incidente #282 - revisar prioridad.","2025-10-19 15:50:48",Pendiente,161
66,Cr├¡tico,"Alerta autom├ítica para incidente #143 - revisar prioridad.","2025-10-01 20:50:48",Pendiente,240
67,Medio,"Alerta autom├ítica para incidente #321 - revisar prioridad.","2025-08-16 00:50:48",Revisada,326
68,Medio,"Alerta autom├ítica para incidente #151 - revisar prioridad.","2025-08-23 17:50:48",Pendiente,75
69,Informativo,"Alerta autom├ítica para incidente #36 - revisar prioridad.","2025-10-30 11:50:48",Pendiente,343
70,Medio,"Alerta autom├ítica para incidente #135 - revisar prioridad.","2025-07-30 14:50:48",Revisada,322
71,Medio,"Alerta autom├ítica para incidente #261 - revisar prioridad.","2025-09-16 05:50:48",Pendiente,293
72,Alto,"Alerta autom├ítica para incidente #189 - revisar prioridad.","2025-08-18 17:50:48",Pendiente,256
73,Informativo,"Alerta autom├ítica para incidente #295 - revisar prioridad.","2025-08-01 15:50:48",Pendiente,50
74,Cr├¡tico,"Alerta autom├ítica para incidente #179 - revisar prioridad.","2025-10-21 05:50:48",Revisada,196
75,Alto,"Alerta autom├ítica para incidente #242 - revisar prioridad.","2025-10-16 13:50:48",Pendiente,48
76,Alto,"Alerta autom├ítica para incidente #223 - revisar prioridad.","2025-10-17 19:50:48",Pendiente,330
77,Informativo,"Alerta autom├ítica para incidente #66 - revisar prioridad.","2025-09-03 18:50:48",Revisada,307
78,Medio,"Alerta autom├ítica para incidente #277 - revisar prioridad.","2025-10-13 19:50:48",Pendiente,18
79,Cr├¡tico,"Alerta autom├ítica para incidente #282 - revisar prioridad.","2025-07-10 11:50:48",Revisada,81
80,Cr├¡tico,"Alerta autom├ítica para incidente #339 - revisar prioridad.","2025-09-13 06:50:48",Pendiente,40
81,Informativo,"Alerta autom├ítica para incidente #103 - revisar prioridad.","2025-10-31 05:50:48",Pendiente,117
82,Cr├¡tico,"Alerta autom├ítica para incidente #307 - revisar prioridad.","2025-09-05 20:50:48",Pendiente,345
83,Medio,"Alerta autom├ítica para incidente #206 - revisar prioridad.","2025-07-14 04:50:48",Pendiente,205
84,Medio,"Alerta autom├ítica para incidente #164 - revisar prioridad.","2025-10-18 18:50:48",Revisada,292
85,Medio,"Alerta autom├ítica para incidente #342 - revisar prioridad.","2025-08-09 06:50:48",Revisada,15
86,Informativo,"Alerta autom├ítica para incidente #192 - revisar prioridad.","2025-09-07 04:50:48",Pendiente,243
87,Cr├¡tico,"Alerta autom├ítica para incidente #48 - revisar prioridad.","2025-10-26 05:50:48",Pendiente,126
88,Medio,"Alerta autom├ítica para incidente #339 - revisar prioridad.","2025-09-28 03:50:48",Revisada,66
89,Cr├¡tico,"Alerta autom├ítica para incidente #8 - revisar prioridad.","2025-09-01 08:50:48",Revisada,279
90,Informativo,"Alerta autom├ítica para incidente #292 - revisar prioridad.","2025-10-30 13:50:48",Pendiente,203
91,Medio,"Alerta autom├ítica para incidente #338 - revisar prioridad.","2025-10-18 14:50:48",Revisada,63
92,Alto,"Alerta autom├ítica para incidente #85 - revisar prioridad.","2025-10-12 09:50:48",Revisada,122
93,Medio,"Alerta autom├ítica para incidente #190 - revisar prioridad.","2025-11-08 15:50:48",Revisada,7
94,Medio,"Alerta autom├ítica para incidente #55 - revisar prioridad.","2025-08-13 11:50:48",Revisada,100
95,Alto,"Alerta autom├ítica para incidente #252 - revisar prioridad.","2025-09-03 17:50:48",Pendiente,164
96,Medio,"Alerta autom├ítica para incidente #254 - revisar prioridad.","2025-09-12 05:50:48",Pendiente,156
97,Cr├¡tico,"Alerta autom├ítica para incidente #220 - revisar prioridad.","2025-10-17 12:50:48",Pendiente,61
98,Medio,"Alerta autom├ítica para incidente #177 - revisar prioridad.","2025-08-16 17:50:48",Revisada,306
99,Cr├¡tico,"Alerta autom├ítica para incidente #93 - revisar prioridad.","2025-07-20 00:50:48",Revisada,241
100,Alto,"Alerta autom├ítica para incidente #61 - revisar prioridad.","2025-09-14 13:50:48",Revisada,180
101,Cr├¡tico,"Alerta autom├ítica para incidente #171 - revisar prioridad.","2025-08-08 06:50:48",Pendiente,311
102,Medio,"Alerta autom├ítica para incidente #272 - revisar prioridad.","2025-09-25 11:50:48",Revisada,111
103,Medio,"Alerta autom├ítica para incidente #264 - revisar prioridad.","2025-09-06 15:50:48",Pendiente,145
104,Cr├¡tico,"Alerta autom├ítica para incidente #110 - revisar prioridad.","2025-11-05 18:50:48",Pendiente,296
105,Medio,"Alerta autom├ítica para incidente #102 - revisar prioridad.","2025-07-11 03:50:48",Pendiente,241
106,Alto,"Alerta autom├ítica para incidente #336 - revisar prioridad.","2025-10-04 17:50:48",Revisada,125
107,Medio,"Alerta autom├ítica para incidente #339 - revisar prioridad.","2025-07-20 05:50:48",Pendiente,324
108,Alto,"Alerta autom├ítica para incidente #96 - revisar prioridad.","2025-08-10 20:50:48",Pendiente,163
109,Informativo,"Alerta autom├ítica para incidente #66 - revisar prioridad.","2025-09-30 13:50:48",Pendiente,214
110,Informativo,"Alerta autom├ítica para incidente #32 - revisar prioridad.","2025-08-30 17:50:48",Revisada,340
111,Informativo,"Alerta autom├ítica para incidente #165 - revisar prioridad.","2025-07-14 13:50:48",Pendiente,289
112,Informativo,"Alerta autom├ítica para incidente #149 - revisar prioridad.","2025-08-01 15:50:48",Pendiente,303
113,Alto,"Alerta autom├ítica para incidente #87 - revisar prioridad.","2025-08-07 10:50:48",Revisada,26
114,Cr├¡tico,"Alerta autom├ítica para incidente #350 - revisar prioridad.","2025-08-28 03:50:48",Pendiente,43
115,Alto,"Alerta autom├ítica para incidente #335 - revisar prioridad.","2025-08-30 23:50:48",Pendiente,28
116,Cr├¡tico,"Alerta autom├ítica para incidente #238 - revisar prioridad.","2025-09-07 11:50:48",Pendiente,259
117,Informativo,"Alerta autom├ítica para incidente #347 - revisar prioridad.","2025-11-10 07:50:48",Pendiente,268
118,Informativo,"Alerta autom├ítica para incidente #329 - revisar prioridad.","2025-11-02 01:50:48",Pendiente,102
119,Medio,"Alerta autom├ítica para incidente #188 - revisar prioridad.","2025-10-21 03:50:48",Pendiente,196
120,Alto,"Alerta autom├ítica para incidente #62 - revisar prioridad.","2025-08-02 19:50:48",Pendiente,326
121,Cr├¡tico,"Alerta autom├ítica para incidente #144 - revisar prioridad.","2025-09-07 14:50:48",Pendiente,213
122,Medio,"Alerta autom├ítica para incidente #234 - revisar prioridad.","2025-09-30 13:50:48",Pendiente,73
123,Alto,"Alerta autom├ítica para incidente #266 - revisar prioridad.","2025-08-24 15:50:48",Pendiente,85
124,Informativo,"Alerta autom├ítica para incidente #39 - revisar prioridad.","2025-11-01 22:50:48",Pendiente,34
125,Informativo,"Alerta autom├ítica para incidente #59 - revisar prioridad.","2025-07-29 23:50:48",Revisada,341
126,Cr├¡tico,"Alerta autom├ítica para incidente #22 - revisar prioridad.","2025-10-28 02:50:48",Pendiente,83
127,Alto,"Alerta autom├ítica para incidente #253 - revisar prioridad.","2025-09-13 15:50:48",Revisada,360
128,Alto,"Alerta autom├ítica para incidente #245 - revisar prioridad.","2025-07-09 23:50:48",Pendiente,222
129,Cr├¡tico,"Alerta autom├ítica para incidente #237 - revisar prioridad.","2025-08-30 01:50:48",Pendiente,288
130,Cr├¡tico,"Alerta autom├ítica para incidente #201 - revisar prioridad.","2025-10-02 20:50:48",Pendiente,22
131,Alto,"Alerta autom├ítica para incidente #276 - revisar prioridad.","2025-07-13 18:50:48",Pendiente,2
132,Informativo,"Alerta autom├ítica para incidente #290 - revisar prioridad.","2025-09-03 23:50:48",Revisada,342
133,Cr├¡tico,"Alerta autom├ítica para incidente #163 - revisar prioridad.","2025-08-31 04:50:48",Pendiente,196
134,Informativo,"Alerta autom├ítica para incidente #168 - revisar prioridad.","2025-09-30 00:50:48",Pendiente,256
135,Informativo,"Alerta autom├ítica para incidente #298 - revisar prioridad.","2025-07-17 16:50:48",Pendiente,325
136,Informativo,"Alerta autom├ítica para incidente #345 - revisar prioridad.","2025-10-15 14:50:48",Pendiente,56
137,Cr├¡tico,"Alerta autom├ítica para incidente #164 - revisar prioridad.","2025-08-29 20:50:48",Revisada,172
138,Cr├¡tico,"Alerta autom├ítica para incidente #124 - revisar prioridad.","2025-09-23 22:50:48",Pendiente,13
139,Cr├¡tico,"Alerta autom├ítica para incidente #14 - revisar prioridad.","2025-10-08 00:50:48",Pendiente,166
140,Informativo,"Alerta autom├ítica para incidente #108 - revisar prioridad.","2025-09-07 07:50:48",Revisada,223
141,Cr├¡tico,"Alerta autom├ítica para incidente #196 - revisar prioridad.","2025-10-10 06:50:48",Pendiente,20
142,Alto,"Alerta autom├ítica para incidente #354 - revisar prioridad.","2025-09-20 12:50:48",Revisada,62
143,Cr├¡tico,"Alerta autom├ítica para incidente #267 - revisar prioridad.","2025-09-02 09:50:48",Pendiente,24
144,Alto,"Alerta autom├ítica para incidente #190 - revisar prioridad.","2025-09-06 12:50:48",Pendiente,119
145,Alto,"Alerta autom├ítica para incidente #296 - revisar prioridad.","2025-07-14 22:50:48",Revisada,220
146,Informativo,"Alerta autom├ítica para incidente #113 - revisar prioridad.","2025-07-11 22:50:48",Pendiente,155
147,Cr├¡tico,"Alerta autom├ítica para incidente #49 - revisar prioridad.","2025-10-25 04:50:48",Pendiente,64
148,Medio,"Alerta autom├ítica para incidente #163 - revisar prioridad.","2025-10-10 11:50:48",Pendiente,119
149,Medio,"Alerta autom├ítica para incidente #140 - revisar prioridad.","2025-10-15 21:50:48",Pendiente,141
150,Alto,"Alerta autom├ítica para incidente #102 - revisar prioridad.","2025-09-22 11:50:48",Revisada,173
151,Medio,"Alerta autom├ítica para incidente #205 - revisar prioridad.","2025-08-11 19:50:48",Revisada,198
152,Cr├¡tico,"Alerta autom├ítica para incidente #266 - revisar prioridad.","2025-08-08 13:50:48",Pendiente,330
153,Cr├¡tico,"Alerta autom├ítica para incidente #258 - revisar prioridad.","2025-07-22 19:50:48",Pendiente,25
154,Medio,"Alerta autom├ítica para incidente #106 - revisar prioridad.","2025-10-31 04:50:48",Pendiente,286
155,Cr├¡tico,"Alerta autom├ítica para incidente #245 - revisar prioridad.","2025-09-03 12:50:48",Revisada,264
156,Cr├¡tico,"Alerta autom├ítica para incidente #287 - revisar prioridad.","2025-10-26 21:50:48",Pendiente,118
157,Informativo,"Alerta autom├ítica para incidente #54 - revisar prioridad.","2025-08-26 22:50:48",Pendiente,24
158,Medio,"Alerta autom├ítica para incidente #35 - revisar prioridad.","2025-08-27 17:50:48",Pendiente,214
159,Alto,"Alerta autom├ítica para incidente #70 - revisar prioridad.","2025-07-10 22:50:48",Revisada,165
160,Cr├¡tico,"Alerta autom├ítica para incidente #218 - revisar prioridad.","2025-11-01 02:50:48",Revisada,347
161,Cr├¡tico,"Alerta autom├ítica para incidente #22 - revisar prioridad.","2025-11-02 14:50:48",Revisada,331
162,Cr├¡tico,"Alerta autom├ítica para incidente #146 - revisar prioridad.","2025-07-16 18:50:48",Revisada,158
163,Medio,"Alerta autom├ítica para incidente #312 - revisar prioridad.","2025-08-03 07:50:48",Pendiente,300
164,Alto,"Alerta autom├ítica para incidente #26 - revisar prioridad.","2025-10-15 00:50:48",Revisada,6
165,Informativo,"Alerta autom├ítica para incidente #273 - revisar prioridad.","2025-10-28 05:50:48",Pendiente,114
166,Cr├¡tico,"Alerta autom├ítica para incidente #230 - revisar prioridad.","2025-09-22 17:50:48",Pendiente,51
167,Medio,"Alerta autom├ítica para incidente #145 - revisar prioridad.","2025-09-21 15:50:48",Pendiente,184
168,Alto,"Alerta autom├ítica para incidente #242 - revisar prioridad.","2025-08-15 18:50:48",Pendiente,79
169,Informativo,"Alerta autom├ítica para incidente #140 - revisar prioridad.","2025-09-19 21:50:48",Pendiente,328
170,Medio,"Alerta autom├ítica para incidente #95 - revisar prioridad.","2025-08-31 06:50:48",Pendiente,202
171,Informativo,"Alerta autom├ítica para incidente #352 - revisar prioridad.","2025-11-06 11:50:48",Revisada,45
172,Medio,"Alerta autom├ítica para incidente #201 - revisar prioridad.","2025-09-13 13:50:48",Revisada,320
173,Informativo,"Alerta autom├ítica para incidente #296 - revisar prioridad.","2025-09-22 06:50:48",Pendiente,117
174,Medio,"Alerta autom├ítica para incidente #152 - revisar prioridad.","2025-09-09 19:50:48",Pendiente,261
175,Informativo,"Alerta autom├ítica para incidente #217 - revisar prioridad.","2025-10-19 08:50:48",Pendiente,358
176,Cr├¡tico,"Alerta autom├ítica para incidente #210 - revisar prioridad.","2025-07-10 06:50:48",Pendiente,126
177,Informativo,"Alerta autom├ítica para incidente #244 - revisar prioridad.","2025-08-17 06:50:48",Revisada,113
178,Informativo,"Alerta autom├ítica para incidente #120 - revisar prioridad.","2025-11-02 03:50:48",Revisada,206
179,Medio,"Alerta autom├ítica para incidente #238 - revisar prioridad.","2025-10-14 10:50:48",Pendiente,51
180,Cr├¡tico,"Alerta autom├ítica para incidente #201 - revisar prioridad.","2025-09-07 20:50:48",Pendiente,27
181,Alto,"Alerta autom├ítica para incidente #314 - revisar prioridad.","2025-11-08 15:50:48",Pendiente,219
182,Cr├¡tico,"Alerta autom├ítica para incidente #242 - revisar prioridad.","2025-09-23 13:50:48",Revisada,228
183,Medio,"Alerta autom├ítica para incidente #173 - revisar prioridad.","2025-08-07 05:50:48",Pendiente,204
184,Medio,"Alerta autom├ítica para incidente #337 - revisar prioridad.","2025-08-28 04:50:48",Revisada,312
185,Alto,"Alerta autom├ítica para incidente #288 - revisar prioridad.","2025-10-15 01:50:48",Pendiente,192
186,Cr├¡tico,"Alerta autom├ítica para incidente #255 - revisar prioridad.","2025-10-31 18:50:48",Pendiente,89
187,Medio,"Alerta autom├ítica para incidente #110 - revisar prioridad.","2025-09-11 20:50:48",Pendiente,237
188,Cr├¡tico,"Alerta autom├ítica para incidente #149 - revisar prioridad.","2025-08-27 21:50:48",Revisada,168
189,Alto,"Alerta autom├ítica para incidente #275 - revisar prioridad.","2025-07-10 18:50:48",Pendiente,67
190,Informativo,"Alerta autom├ítica para incidente #162 - revisar prioridad.","2025-10-26 21:50:48",Pendiente,44
191,Medio,"Alerta autom├ítica para incidente #11 - revisar prioridad.","2025-07-31 00:50:48",Pendiente,195
192,Informativo,"Alerta autom├ítica para incidente #285 - revisar prioridad.","2025-09-22 05:50:48",Pendiente,61
193,Alto,"Alerta autom├ítica para incidente #141 - revisar prioridad.","2025-08-16 00:50:48",Pendiente,102
194,Cr├¡tico,"Alerta autom├ítica para incidente #10 - revisar prioridad.","2025-08-19 14:50:48",Revisada,298
195,Alto,"Alerta autom├ítica para incidente #113 - revisar prioridad.","2025-11-11 12:50:48",Pendiente,262
196,Alto,"Alerta autom├ítica para incidente #76 - revisar prioridad.","2025-09-21 21:50:48",Pendiente,174
197,Medio,"Alerta autom├ítica para incidente #360 - revisar prioridad.","2025-10-23 08:50:48",Revisada,318
198,Medio,"Alerta autom├ítica para incidente #51 - revisar prioridad.","2025-10-18 15:50:48",Pendiente,338
199,Cr├¡tico,"Alerta autom├ítica para incidente #103 - revisar prioridad.","2025-08-31 20:50:48",Pendiente,316
200,Cr├¡tico,"Alerta autom├ítica para incidente #70 - revisar prioridad.","2025-07-24 19:50:48",Pendiente,230
201,Medio,"Alerta autom├ítica para incidente #75 - revisar prioridad.","2025-10-13 07:50:48",Pendiente,94
202,Informativo,"Alerta autom├ítica para incidente #242 - revisar prioridad.","2025-11-08 20:50:48",Pendiente,220
203,Medio,"Alerta autom├ítica para incidente #216 - revisar prioridad.","2025-09-14 04:50:48",Revisada,133
204,Medio,"Alerta autom├ítica para incidente #325 - revisar prioridad.","2025-09-08 05:50:48",Pendiente,301
205,Cr├¡tico,"Alerta autom├ítica para incidente #120 - revisar prioridad.","2025-09-27 14:50:48",Pendiente,125
206,Cr├¡tico,"Alerta autom├ítica para incidente #181 - revisar prioridad.","2025-07-11 13:50:48",Pendiente,309
207,Cr├¡tico,"Alerta autom├ítica para incidente #80 - revisar prioridad.","2025-10-07 17:50:48",Pendiente,205
208,Alto,"Alerta autom├ítica para incidente #325 - revisar prioridad.","2025-07-12 23:50:48",Pendiente,141
209,Alto,"Alerta autom├ítica para incidente #161 - revisar prioridad.","2025-10-19 20:50:48",Revisada,340
210,Cr├¡tico,"Alerta autom├ítica para incidente #81 - revisar prioridad.","2025-11-07 19:50:48",Pendiente,105
211,Alto,"Alerta autom├ítica para incidente #28 - revisar prioridad.","2025-08-04 01:50:48",Revisada,170
212,Alto,"Alerta autom├ítica para incidente #155 - revisar prioridad.","2025-10-25 23:50:48",Pendiente,182
213,Informativo,"Alerta autom├ítica para incidente #327 - revisar prioridad.","2025-09-11 09:50:48",Revisada,339
214,Alto,"Alerta autom├ítica para incidente #2 - revisar prioridad.","2025-10-24 23:50:48",Pendiente,184
215,Medio,"Alerta autom├ítica para incidente #306 - revisar prioridad.","2025-07-27 21:50:48",Pendiente,72
216,Alto,"Alerta autom├ítica para incidente #86 - revisar prioridad.","2025-10-11 14:50:48",Pendiente,115
217,Alto,"Alerta autom├ítica para incidente #26 - revisar prioridad.","2025-07-22 07:50:48",Pendiente,116
218,Medio,"Alerta autom├ítica para incidente #319 - revisar prioridad.","2025-11-03 08:50:48",Pendiente,75
219,Informativo,"Alerta autom├ítica para incidente #254 - revisar prioridad.","2025-09-23 12:50:48",Pendiente,25
220,Cr├¡tico,"Alerta autom├ítica para incidente #146 - revisar prioridad.","2025-10-04 00:50:48",Revisada,101
221,Medio,"Alerta autom├ítica para incidente #108 - revisar prioridad.","2025-08-22 01:50:48",Revisada,137
222,Alto,"Alerta autom├ítica para incidente #26 - revisar prioridad.","2025-08-17 12:50:48",Pendiente,266
223,Medio,"Alerta autom├ítica para incidente #102 - revisar prioridad.","2025-09-10 21:50:48",Pendiente,155
224,Cr├¡tico,"Alerta autom├ítica para incidente #89 - revisar prioridad.","2025-09-16 01:50:48",Pendiente,314
225,Cr├¡tico,"Alerta autom├ítica para incidente #241 - revisar prioridad.","2025-09-21 07:50:48",Pendiente,302
226,Informativo,"Alerta autom├ítica para incidente #81 - revisar prioridad.","2025-09-24 06:50:48",Revisada,170
227,Medio,"Alerta autom├ítica para incidente #204 - revisar prioridad.","2025-07-15 13:50:48",Pendiente,299
228,Medio,"Alerta autom├ítica para incidente #188 - revisar prioridad.","2025-11-08 23:50:48",Revisada,159
229,Cr├¡tico,"Alerta autom├ítica para incidente #149 - revisar prioridad.","2025-08-08 10:50:48",Pendiente,245
230,Medio,"Alerta autom├ítica para incidente #113 - revisar prioridad.","2025-07-14 20:50:48",Pendiente,48
231,Cr├¡tico,"Alerta autom├ítica para incidente #334 - revisar prioridad.","2025-09-19 10:50:48",Revisada,183
232,Informativo,"Alerta autom├ítica para incidente #301 - revisar prioridad.","2025-07-29 14:50:48",Pendiente,266
233,Informativo,"Alerta autom├ítica para incidente #84 - revisar prioridad.","2025-07-15 00:50:48",Revisada,318
234,Cr├¡tico,"Alerta autom├ítica para incidente #314 - revisar prioridad.","2025-08-28 17:50:48",Pendiente,183
235,Alto,"Alerta autom├ítica para incidente #265 - revisar prioridad.","2025-09-28 04:50:48",Pendiente,360
236,Alto,"Alerta autom├ítica para incidente #97 - revisar prioridad.","2025-09-29 01:50:48",Revisada,206
237,Alto,"Alerta autom├ítica para incidente #65 - revisar prioridad.","2025-07-20 16:50:48",Pendiente,150
238,Alto,"Alerta autom├ítica para incidente #41 - revisar prioridad.","2025-11-03 14:50:48",Pendiente,258
239,Cr├¡tico,"Alerta autom├ítica para incidente #10 - revisar prioridad.","2025-07-30 15:50:48",Pendiente,17
240,Cr├¡tico,"Alerta autom├ítica para incidente #269 - revisar prioridad.","2025-07-19 03:50:48",Pendiente,290
241,Alto,"Alerta autom├ítica para incidente #85 - revisar prioridad.","2025-11-01 09:50:48",Pendiente,207
242,Medio,"Alerta autom├ítica para incidente #174 - revisar prioridad.","2025-07-22 23:50:48",Revisada,3
243,Cr├¡tico,"Alerta autom├ítica para incidente #174 - revisar prioridad.","2025-11-10 03:50:48",Revisada,52
244,Cr├¡tico,"Alerta autom├ítica para incidente #133 - revisar prioridad.","2025-08-31 13:50:48",Revisada,108
245,Alto,"Alerta autom├ítica para incidente #218 - revisar prioridad.","2025-07-12 16:50:48",Pendiente,45
246,Cr├¡tico,"Alerta autom├ítica para incidente #112 - revisar prioridad.","2025-09-27 05:50:48",Pendiente,269
247,Alto,"Alerta autom├ítica para incidente #271 - revisar prioridad.","2025-09-21 17:50:48",Revisada,342
248,Cr├¡tico,"Alerta autom├ítica para incidente #131 - revisar prioridad.","2025-07-22 08:50:48",Pendiente,142
249,Alto,"Alerta autom├ítica para incidente #80 - revisar prioridad.","2025-09-01 04:50:48",Revisada,130
250,Cr├¡tico,"Alerta autom├ítica para incidente #76 - revisar prioridad.","2025-08-22 15:50:48",Revisada,297
251,Alto,"Alerta autom├ítica para incidente #61 - revisar prioridad.","2025-10-26 04:50:48",Pendiente,238
252,Medio,"Alerta autom├ítica para incidente #32 - revisar prioridad.","2025-11-03 16:50:48",Pendiente,249
253,Medio,"Alerta autom├ítica para incidente #267 - revisar prioridad.","2025-09-03 12:50:48",Revisada,182
254,Informativo,"Alerta autom├ítica para incidente #172 - revisar prioridad.","2025-10-26 08:50:48",Pendiente,43
255,Cr├¡tico,"Alerta autom├ítica para incidente #318 - revisar prioridad.","2025-07-23 20:50:48",Pendiente,213
256,Informativo,"Alerta autom├ítica para incidente #124 - revisar prioridad.","2025-08-09 09:50:48",Pendiente,195
257,Medio,"Alerta autom├ítica para incidente #195 - revisar prioridad.","2025-07-30 09:50:48",Pendiente,226
258,Cr├¡tico,"Alerta autom├ítica para incidente #355 - revisar prioridad.","2025-08-28 18:50:48",Pendiente,67
259,Medio,"Alerta autom├ítica para incidente #191 - revisar prioridad.","2025-10-02 01:50:48",Pendiente,306
260,Cr├¡tico,"Alerta autom├ítica para incidente #21 - revisar prioridad.","2025-07-25 03:50:48",Revisada,111
261,Cr├¡tico,"Alerta autom├ítica para incidente #63 - revisar prioridad.","2025-10-12 15:50:48",Revisada,104
262,Cr├¡tico,"Alerta autom├ítica para incidente #231 - revisar prioridad.","2025-11-03 02:50:48",Pendiente,219
263,Informativo,"Alerta autom├ítica para incidente #238 - revisar prioridad.","2025-09-22 18:50:48",Pendiente,147
264,Medio,"Alerta autom├ítica para incidente #303 - revisar prioridad.","2025-08-28 23:50:48",Revisada,274
265,Informativo,"Alerta autom├ítica para incidente #163 - revisar prioridad.","2025-07-25 06:50:48",Revisada,246
266,Cr├¡tico,"Alerta autom├ítica para incidente #164 - revisar prioridad.","2025-11-04 11:50:48",Pendiente,346
267,Informativo,"Alerta autom├ítica para incidente #47 - revisar prioridad.","2025-07-29 14:50:48",Pendiente,175
268,Cr├¡tico,"Alerta autom├ítica para incidente #164 - revisar prioridad.","2025-08-24 13:50:48",Revisada,291
269,Informativo,"Alerta autom├ítica para incidente #27 - revisar prioridad.","2025-07-27 17:50:48",Revisada,111
270,Alto,"Alerta autom├ítica para incidente #8 - revisar prioridad.","2025-07-26 22:50:48",Revisada,14
271,Medio,"Alerta autom├ítica para incidente #266 - revisar prioridad.","2025-07-31 21:50:48",Pendiente,279
272,Medio,"Alerta autom├ítica para incidente #252 - revisar prioridad.","2025-08-20 07:50:48",Pendiente,326
273,Alto,"Alerta autom├ítica para incidente #323 - revisar prioridad.","2025-10-26 00:50:48",Revisada,324
274,Cr├¡tico,"Alerta autom├ítica para incidente #178 - revisar prioridad.","2025-08-07 02:50:48",Pendiente,120
275,Cr├¡tico,"Alerta autom├ítica para incidente #10 - revisar prioridad.","2025-07-21 08:50:48",Pendiente,212
276,Alto,"Alerta autom├ítica para incidente #277 - revisar prioridad.","2025-09-02 16:50:48",Revisada,62
277,Medio,"Alerta autom├ítica para incidente #23 - revisar prioridad.","2025-10-10 13:50:48",Pendiente,51
278,Informativo,"Alerta autom├ítica para incidente #209 - revisar prioridad.","2025-07-26 22:50:48",Pendiente,256
279,Alto,"Alerta autom├ítica para incidente #258 - revisar prioridad.","2025-09-12 20:50:48",Revisada,338
280,Alto,"Alerta autom├ítica para incidente #102 - revisar prioridad.","2025-08-14 01:50:48",Pendiente,275
281,Informativo,"Alerta autom├ítica para incidente #159 - revisar prioridad.","2025-11-06 04:50:48",Pendiente,192
282,Medio,"Alerta autom├ítica para incidente #7 - revisar prioridad.","2025-09-04 08:50:48",Pendiente,85
283,Medio,"Alerta autom├ítica para incidente #5 - revisar prioridad.","2025-07-22 01:50:48",Pendiente,176
284,Medio,"Alerta autom├ítica para incidente #19 - revisar prioridad.","2025-08-31 01:50:48",Pendiente,346
285,Medio,"Alerta autom├ítica para incidente #47 - revisar prioridad.","2025-08-16 02:50:48",Pendiente,311
286,Cr├¡tico,"Alerta autom├ítica para incidente #61 - revisar prioridad.","2025-09-23 07:50:48",Pendiente,348
287,Medio,"Alerta autom├ítica para incidente #270 - revisar prioridad.","2025-09-15 09:50:48",Revisada,328
288,Informativo,"Alerta autom├ítica para incidente #190 - revisar prioridad.","2025-10-24 09:50:48",Revisada,188
289,Informativo,"Alerta autom├ítica para incidente #204 - revisar prioridad.","2025-10-21 07:50:48",Pendiente,20
290,Cr├¡tico,"Alerta autom├ítica para incidente #323 - revisar prioridad.","2025-10-01 00:50:48",Pendiente,12
291,Medio,"Alerta autom├ítica para incidente #91 - revisar prioridad.","2025-09-06 15:50:48",Pendiente,94
292,Informativo,"Alerta autom├ítica para incidente #139 - revisar prioridad.","2025-07-16 08:50:48",Pendiente,126
293,Alto,"Alerta autom├ítica para incidente #87 - revisar prioridad.","2025-09-28 14:50:48",Pendiente,113
294,Cr├¡tico,"Alerta autom├ítica para incidente #149 - revisar prioridad.","2025-10-31 01:50:48",Pendiente,125
295,Informativo,"Alerta autom├ítica para incidente #122 - revisar prioridad.","2025-08-14 07:50:48",Pendiente,228
296,Alto,"Alerta autom├ítica para incidente #174 - revisar prioridad.","2025-07-16 06:50:48",Revisada,296
297,Cr├¡tico,"Alerta autom├ítica para incidente #302 - revisar prioridad.","2025-08-10 21:50:48",Pendiente,4
298,Alto,"Alerta autom├ítica para incidente #75 - revisar prioridad.","2025-11-08 10:50:48",Pendiente,32
299,Cr├¡tico,"Alerta autom├ítica para incidente #19 - revisar prioridad.","2025-10-17 12:50:48",Pendiente,87
300,Cr├¡tico,"Alerta autom├ítica para incidente #310 - revisar prioridad.","2025-07-27 12:50:48",Pendiente,295
301,Alto,"Alerta autom├ítica para incidente #147 - revisar prioridad.","2025-08-10 06:50:48",Pendiente,200
302,Informativo,"Alerta autom├ítica para incidente #316 - revisar prioridad.","2025-11-03 21:50:48",Pendiente,201
303,Medio,"Alerta autom├ítica para incidente #48 - revisar prioridad.","2025-07-16 00:50:48",Pendiente,237
304,Cr├¡tico,"Alerta autom├ítica para incidente #270 - revisar prioridad.","2025-09-28 14:50:48",Revisada,304
305,Cr├¡tico,"Alerta autom├ítica para incidente #158 - revisar prioridad.","2025-09-29 22:50:48",Pendiente,126
306,Informativo,"Alerta autom├ítica para incidente #300 - revisar prioridad.","2025-08-18 01:50:48",Pendiente,261
307,Cr├¡tico,"Alerta autom├ítica para incidente #51 - revisar prioridad.","2025-10-14 17:50:48",Pendiente,179
308,Cr├¡tico,"Alerta autom├ítica para incidente #296 - revisar prioridad.","2025-10-09 06:50:48",Revisada,130
309,Medio,"Alerta autom├ítica para incidente #332 - revisar prioridad.","2025-08-04 05:50:48",Pendiente,36
310,Cr├¡tico,"Alerta autom├ítica para incidente #88 - revisar prioridad.","2025-08-20 02:50:48",Revisada,300
311,Informativo,"Alerta autom├ítica para incidente #152 - revisar prioridad.","2025-10-06 19:50:48",Pendiente,111
312,Medio,"Alerta autom├ítica para incidente #261 - revisar prioridad.","2025-09-08 06:50:48",Pendiente,82
313,Alto,"Alerta autom├ítica para incidente #277 - revisar prioridad.","2025-11-02 16:50:48",Revisada,318
314,Medio,"Alerta autom├ítica para incidente #37 - revisar prioridad.","2025-11-06 00:50:48",Revisada,256
315,Informativo,"Alerta autom├ítica para incidente #144 - revisar prioridad.","2025-08-28 23:50:48",Pendiente,286
316,Informativo,"Alerta autom├ítica para incidente #109 - revisar prioridad.","2025-09-04 02:50:48",Pendiente,32
317,Informativo,"Alerta autom├ítica para incidente #197 - revisar prioridad.","2025-08-01 17:50:48",Revisada,237
318,Medio,"Alerta autom├ítica para incidente #232 - revisar prioridad.","2025-11-04 22:50:48",Pendiente,102
319,Cr├¡tico,"Alerta autom├ítica para incidente #81 - revisar prioridad.","2025-11-04 23:50:48",Revisada,45
320,Cr├¡tico,"Alerta autom├ítica para incidente #86 - revisar prioridad.","2025-08-31 02:50:48",Pendiente,242
321,Informativo,"Alerta autom├ítica para incidente #310 - revisar prioridad.","2025-08-12 11:50:48",Revisada,175
322,Medio,"Alerta autom├ítica para incidente #210 - revisar prioridad.","2025-10-14 18:50:48",Pendiente,327
323,Cr├¡tico,"Alerta autom├ítica para incidente #215 - revisar prioridad.","2025-07-26 06:50:48",Pendiente,58
324,Cr├¡tico,"Alerta autom├ítica para incidente #342 - revisar prioridad.","2025-07-28 19:50:48",Pendiente,332
325,Medio,"Alerta autom├ítica para incidente #143 - revisar prioridad.","2025-11-07 08:50:48",Revisada,225
326,Cr├¡tico,"Alerta autom├ítica para incidente #7 - revisar prioridad.","2025-10-03 02:50:48",Revisada,241
327,Alto,"Alerta autom├ítica para incidente #9 - revisar prioridad.","2025-08-06 17:50:48",Pendiente,205
328,Alto,"Alerta autom├ítica para incidente #247 - revisar prioridad.","2025-09-17 00:50:48",Pendiente,304
329,Informativo,"Alerta autom├ítica para incidente #323 - revisar prioridad.","2025-11-05 06:50:48",Pendiente,284
330,Medio,"Alerta autom├ítica para incidente #67 - revisar prioridad.","2025-08-04 17:50:48",Pendiente,78
331,Informativo,"Alerta autom├ítica para incidente #47 - revisar prioridad.","2025-07-14 18:50:48",Pendiente,111
332,Informativo,"Alerta autom├ítica para incidente #56 - revisar prioridad.","2025-10-15 20:50:48",Pendiente,34
333,Medio,"Alerta autom├ítica para incidente #162 - revisar prioridad.","2025-10-16 16:50:48",Revisada,293
334,Cr├¡tico,"Alerta autom├ítica para incidente #222 - revisar prioridad.","2025-09-22 06:50:48",Pendiente,188
335,Alto,"Alerta autom├ítica para incidente #79 - revisar prioridad.","2025-07-17 14:50:48",Revisada,157
336,Cr├¡tico,"Alerta autom├ítica para incidente #3 - revisar prioridad.","2025-10-05 12:50:48",Revisada,228
337,Medio,"Alerta autom├ítica para incidente #296 - revisar prioridad.","2025-07-12 15:50:48",Pendiente,74
338,Medio,"Alerta autom├ítica para incidente #207 - revisar prioridad.","2025-07-11 05:50:48",Pendiente,12
339,Informativo,"Alerta autom├ítica para incidente #191 - revisar prioridad.","2025-08-11 19:50:48",Pendiente,189
340,Cr├¡tico,"Alerta autom├ítica para incidente #83 - revisar prioridad.","2025-08-30 13:50:48",Pendiente,155
341,Alto,"Alerta autom├ítica para incidente #212 - revisar prioridad.","2025-08-30 16:50:48",Pendiente,313
342,Cr├¡tico,"Alerta autom├ítica para incidente #347 - revisar prioridad.","2025-08-31 02:50:48",Pendiente,137
343,Alto,"Alerta autom├ítica para incidente #51 - revisar prioridad.","2025-09-27 12:50:48",Revisada,229
344,Medio,"Alerta autom├ítica para incidente #76 - revisar prioridad.","2025-08-03 14:50:48",Pendiente,302
345,Cr├¡tico,"Alerta autom├ítica para incidente #115 - revisar prioridad.","2025-07-26 20:50:48",Pendiente,214
346,Informativo,"Alerta autom├ítica para incidente #10 - revisar prioridad.","2025-09-02 10:50:48",Revisada,313
347,Informativo,"Alerta autom├ítica para incidente #108 - revisar prioridad.","2025-09-12 16:50:48",Revisada,166
348,Medio,"Alerta autom├ítica para incidente #357 - revisar prioridad.","2025-10-28 10:50:48",Pendiente,272
349,Medio,"Alerta autom├ítica para incidente #60 - revisar prioridad.","2025-07-22 09:50:48",Revisada,32
350,Alto,"Alerta autom├ítica para incidente #198 - revisar prioridad.","2025-07-11 06:50:48",Pendiente,178
351,Alto,"Alerta autom├ítica para incidente #136 - revisar prioridad.","2025-10-18 05:50:48",Pendiente,245
352,Medio,"Alerta autom├ítica para incidente #73 - revisar prioridad.","2025-07-24 06:50:48",Pendiente,136
353,Cr├¡tico,"Alerta autom├ítica para incidente #252 - revisar prioridad.","2025-10-23 11:50:48",Revisada,178
354,Medio,"Alerta autom├ítica para incidente #205 - revisar prioridad.","2025-08-12 12:50:48",Pendiente,112
355,Informativo,"Alerta autom├ítica para incidente #144 - revisar prioridad.","2025-07-15 18:50:48",Revisada,314
356,Informativo,"Alerta autom├ítica para incidente #135 - revisar prioridad.","2025-09-16 03:50:48",Pendiente,271
357,Informativo,"Alerta autom├ítica para incidente #106 - revisar prioridad.","2025-07-21 18:50:48",Revisada,26
358,Informativo,"Alerta autom├ítica para incidente #196 - revisar prioridad.","2025-08-22 18:50:48",Pendiente,191
359,Informativo,"Alerta autom├ítica para incidente #306 - revisar prioridad.","2025-08-13 01:50:48",Pendiente,176
360,Medio,"Alerta autom├ítica para incidente #344 - revisar prioridad.","2025-07-15 00:50:48",Revisada,24
361,Informativo,"Alerta autom├ítica para incidente #349 - revisar prioridad.","2025-07-18 13:50:48",Pendiente,236
362,Cr├¡tico,"Alerta autom├ítica para incidente #218 - revisar prioridad.","2025-09-09 15:50:48",Pendiente,150
363,Medio,"Alerta autom├ítica para incidente #101 - revisar prioridad.","2025-09-22 05:50:48",Pendiente,264
364,Alto,"Alerta autom├ítica para incidente #207 - revisar prioridad.","2025-07-28 12:50:48",Pendiente,71
365,Cr├¡tico,"Alerta autom├ítica para incidente #73 - revisar prioridad.","2025-09-08 04:50:48",Revisada,186
366,Cr├¡tico,"Alerta autom├ítica para incidente #253 - revisar prioridad.","2025-08-28 22:50:48",Revisada,113
367,Cr├¡tico,"Alerta autom├ítica para incidente #185 - revisar prioridad.","2025-09-03 06:50:48",Revisada,79
368,Medio,"Alerta autom├ítica para incidente #310 - revisar prioridad.","2025-09-01 16:50:48",Pendiente,312
369,Cr├¡tico,"Alerta autom├ítica para incidente #24 - revisar prioridad.","2025-11-03 09:50:48",Pendiente,127
370,Medio,"Alerta autom├ítica para incidente #297 - revisar prioridad.","2025-07-26 12:50:48",Revisada,300
371,Medio,"Alerta autom├ítica para incidente #99 - revisar prioridad.","2025-07-31 04:50:48",Pendiente,44
372,Alto,"Alerta autom├ítica para incidente #181 - revisar prioridad.","2025-10-16 09:50:48",Revisada,246
373,Informativo,"Alerta autom├ítica para incidente #27 - revisar prioridad.","2025-08-04 03:50:48",Revisada,130
374,Informativo,"Alerta autom├ítica para incidente #42 - revisar prioridad.","2025-07-28 16:50:48",Pendiente,333
375,Informativo,"Alerta autom├ítica para incidente #12 - revisar prioridad.","2025-10-31 17:50:48",Pendiente,149
376,Medio,"Alerta autom├ítica para incidente #286 - revisar prioridad.","2025-08-25 21:50:48",Revisada,60
377,Cr├¡tico,"Alerta autom├ítica para incidente #117 - revisar prioridad.","2025-11-10 04:50:48",Pendiente,195
378,Cr├¡tico,"Alerta autom├ítica para incidente #181 - revisar prioridad.","2025-10-05 04:50:48",Revisada,1
379,Medio,"Alerta autom├ítica para incidente #112 - revisar prioridad.","2025-10-12 13:50:48",Pendiente,300
380,Alto,"Alerta autom├ítica para incidente #28 - revisar prioridad.","2025-09-16 12:50:48",Revisada,211
381,Cr├¡tico,"Alerta autom├ítica para incidente #97 - revisar prioridad.","2025-07-10 21:50:48",Pendiente,22
382,Informativo,"Alerta autom├ítica para incidente #112 - revisar prioridad.","2025-07-16 03:50:48",Revisada,226
383,Cr├¡tico,"Alerta autom├ítica para incidente #327 - revisar prioridad.","2025-08-03 17:50:48",Pendiente,242
384,Alto,"Alerta autom├ítica para incidente #243 - revisar prioridad.","2025-07-31 17:50:48",Pendiente,258
385,Informativo,"Alerta autom├ítica para incidente #112 - revisar prioridad.","2025-09-23 06:50:48",Pendiente,75
386,Cr├¡tico,"Alerta autom├ítica para incidente #269 - revisar prioridad.","2025-11-03 15:50:48",Pendiente,37
387,Informativo,"Alerta autom├ítica para incidente #272 - revisar prioridad.","2025-10-25 12:50:48",Pendiente,207
388,Cr├¡tico,"Alerta autom├ítica para incidente #22 - revisar prioridad.","2025-09-07 09:50:48",Pendiente,247
389,Cr├¡tico,"Alerta autom├ítica para incidente #100 - revisar prioridad.","2025-08-31 03:50:48",Pendiente,241
390,Medio,"Alerta autom├ítica para incidente #344 - revisar prioridad.","2025-11-05 19:50:48",Revisada,28
391,Cr├¡tico,"Alerta autom├ítica para incidente #20 - revisar prioridad.","2025-08-06 07:50:48",Pendiente,262
392,Cr├¡tico,"Alerta autom├ítica para incidente #270 - revisar prioridad.","2025-07-30 17:50:48",Pendiente,307
393,Informativo,"Alerta autom├ítica para incidente #354 - revisar prioridad.","2025-08-06 21:50:48",Pendiente,151
394,Alto,"Alerta autom├ítica para incidente #298 - revisar prioridad.","2025-08-13 07:50:48",Pendiente,317
395,Alto,"Alerta autom├ítica para incidente #272 - revisar prioridad.","2025-09-17 14:50:48",Revisada,31
396,Cr├¡tico,"Alerta autom├ítica para incidente #292 - revisar prioridad.","2025-10-08 01:50:48",Pendiente,354
397,Alto,"Alerta autom├ítica para incidente #69 - revisar prioridad.","2025-10-18 06:50:48",Pendiente,289
398,Cr├¡tico,"Alerta autom├ítica para incidente #172 - revisar prioridad.","2025-09-30 08:50:48",Pendiente,218
399,Informativo,"Alerta autom├ítica para incidente #55 - revisar prioridad.","2025-10-18 06:50:48",Revisada,292
400,Cr├¡tico,"Alerta autom├ítica para incidente #139 - revisar prioridad.","2025-07-28 13:50:48",Revisada,322
401,Medio,"Alerta autom├ítica para incidente #19 - revisar prioridad.","2025-10-27 05:50:48",Revisada,241
402,Alto,"Alerta autom├ítica para incidente #187 - revisar prioridad.","2025-10-23 18:50:48",Pendiente,349
403,Cr├¡tico,"Alerta autom├ítica para incidente #48 - revisar prioridad.","2025-10-31 09:50:48",Pendiente,213
404,Alto,"Alerta autom├ítica para incidente #221 - revisar prioridad.","2025-08-15 18:50:48",Pendiente,286
405,Medio,"Alerta autom├ítica para incidente #343 - revisar prioridad.","2025-07-20 23:50:48",Pendiente,87
406,Medio,"Alerta autom├ítica para incidente #5 - revisar prioridad.","2025-10-18 11:50:48",Revisada,12
407,Medio,"Alerta autom├ítica para incidente #232 - revisar prioridad.","2025-08-29 02:50:48",Revisada,298
408,Cr├¡tico,"Alerta autom├ítica para incidente #358 - revisar prioridad.","2025-09-20 15:50:48",Pendiente,30
409,Informativo,"Alerta autom├ítica para incidente #4 - revisar prioridad.","2025-07-14 06:50:48",Revisada,106
410,Alto,"Alerta autom├ítica para incidente #27 - revisar prioridad.","2025-10-17 22:50:48",Pendiente,15
411,Informativo,"Alerta autom├ítica para incidente #35 - revisar prioridad.","2025-10-30 11:50:48",Pendiente,71
412,Cr├¡tico,"Alerta autom├ítica para incidente #148 - revisar prioridad.","2025-10-16 17:50:48",Revisada,343
413,Informativo,"Alerta autom├ítica para incidente #108 - revisar prioridad.","2025-10-17 11:50:48",Revisada,8
414,Informativo,"Alerta autom├ítica para incidente #186 - revisar prioridad.","2025-10-20 11:50:48",Revisada,176
415,Cr├¡tico,"Alerta autom├ítica para incidente #316 - revisar prioridad.","2025-10-01 21:50:48",Pendiente,236
416,Medio,"Alerta autom├ítica para incidente #95 - revisar prioridad.","2025-10-01 00:50:48",Pendiente,203
417,Cr├¡tico,"Alerta autom├ítica para incidente #115 - revisar prioridad.","2025-10-29 22:50:48",Revisada,346
418,Alto,"Alerta autom├ítica para incidente #229 - revisar prioridad.","2025-09-19 17:50:48",Pendiente,94
419,Medio,"Alerta autom├ítica para incidente #210 - revisar prioridad.","2025-07-11 09:50:48",Pendiente,124
420,Alto,"Alerta autom├ítica para incidente #254 - revisar prioridad.","2025-08-30 00:50:48",Pendiente,25
421,Cr├¡tico,"Alerta autom├ítica para incidente #199 - revisar prioridad.","2025-08-09 04:50:48",Revisada,183
422,Cr├¡tico,"Alerta autom├ítica para incidente #242 - revisar prioridad.","2025-10-12 22:50:48",Revisada,20
423,Alto,"Alerta autom├ítica para incidente #133 - revisar prioridad.","2025-07-25 19:50:48",Pendiente,98
424,Cr├¡tico,"Alerta autom├ítica para incidente #87 - revisar prioridad.","2025-08-12 05:50:48",Revisada,356
425,Informativo,"Alerta autom├ítica para incidente #175 - revisar prioridad.","2025-08-04 15:50:48",Revisada,292
426,Informativo,"Alerta autom├ítica para incidente #243 - revisar prioridad.","2025-11-05 19:50:48",Revisada,74
427,Medio,"Alerta autom├ítica para incidente #290 - revisar prioridad.","2025-08-25 23:50:48",Pendiente,67
428,Alto,"Alerta autom├ítica para incidente #297 - revisar prioridad.","2025-07-22 03:50:48",Pendiente,142
429,Alto,"Alerta autom├ítica para incidente #292 - revisar prioridad.","2025-08-28 05:50:48",Revisada,75
430,Cr├¡tico,"Alerta autom├ítica para incidente #75 - revisar prioridad.","2025-11-07 12:50:48",Pendiente,161
431,Informativo,"Alerta autom├ítica para incidente #76 - revisar prioridad.","2025-10-19 13:50:48",Pendiente,36
432,Medio,"Alerta autom├ítica para incidente #248 - revisar prioridad.","2025-07-15 05:50:48",Pendiente,10
433,Medio,"Alerta autom├ítica para incidente #337 - revisar prioridad.","2025-11-08 23:50:48",Pendiente,50
434,Medio,"Alerta autom├ítica para incidente #280 - revisar prioridad.","2025-10-19 09:50:48",Pendiente,118
435,Alto,"Alerta autom├ítica para incidente #105 - revisar prioridad.","2025-09-17 02:50:48",Revisada,59
436,Medio,"Alerta autom├ítica para incidente #223 - revisar prioridad.","2025-10-25 12:50:48",Pendiente,104
437,Informativo,"Alerta autom├ítica para incidente #51 - revisar prioridad.","2025-07-16 23:50:48",Pendiente,304
438,Informativo,"Alerta autom├ítica para incidente #186 - revisar prioridad.","2025-09-28 03:50:48",Pendiente,329
439,Alto,"Alerta autom├ítica para incidente #247 - revisar prioridad.","2025-07-23 11:50:48",Revisada,49
440,Alto,"Alerta autom├ítica para incidente #62 - revisar prioridad.","2025-07-21 08:50:48",Pendiente,189
441,Cr├¡tico,"Alerta autom├ítica para incidente #360 - revisar prioridad.","2025-07-31 04:50:48",Pendiente,307
442,Medio,"Alerta autom├ítica para incidente #109 - revisar prioridad.","2025-08-24 18:50:48",Revisada,242
443,Informativo,"Alerta autom├ítica para incidente #92 - revisar prioridad.","2025-09-07 10:50:48",Pendiente,123
444,Medio,"Alerta autom├ítica para incidente #145 - revisar prioridad.","2025-07-30 19:50:48",Pendiente,219
445,Medio,"Alerta autom├ítica para incidente #73 - revisar prioridad.","2025-08-15 01:50:48",Pendiente,205
446,Cr├¡tico,"Alerta autom├ítica para incidente #31 - revisar prioridad.","2025-10-08 18:50:48",Pendiente,148
447,Cr├¡tico,"Alerta autom├ítica para incidente #267 - revisar prioridad.","2025-09-19 17:50:48",Revisada,211
448,Alto,"Alerta autom├ítica para incidente #127 - revisar prioridad.","2025-11-03 16:50:48",Pendiente,149
449,Medio,"Alerta autom├ítica para incidente #53 - revisar prioridad.","2025-07-17 07:50:48",Pendiente,281
450,Informativo,"Alerta autom├ítica para incidente #165 - revisar prioridad.","2025-10-11 23:50:48",Revisada,331
451,Cr├¡tico,"Alerta autom├ítica para incidente #223 - revisar prioridad.","2025-11-06 17:50:48",Revisada,160
452,Medio,"Alerta autom├ítica para incidente #187 - revisar prioridad.","2025-08-07 21:50:48",Pendiente,346
453,Cr├¡tico,"Alerta autom├ítica para incidente #99 - revisar prioridad.","2025-09-07 13:50:48",Pendiente,194
454,Cr├¡tico,"Alerta autom├ítica para incidente #341 - revisar prioridad.","2025-10-18 10:50:48",Pendiente,10
455,Informativo,"Alerta autom├ítica para incidente #347 - revisar prioridad.","2025-11-10 14:50:48",Pendiente,7
456,Medio,"Alerta autom├ítica para incidente #172 - revisar prioridad.","2025-08-30 02:50:48",Pendiente,328
457,Cr├¡tico,"Alerta autom├ítica para incidente #31 - revisar prioridad.","2025-10-07 06:50:48",Revisada,289
458,Informativo,"Alerta autom├ítica para incidente #292 - revisar prioridad.","2025-11-09 09:50:48",Pendiente,258
459,Medio,"Alerta autom├ítica para incidente #222 - revisar prioridad.","2025-09-07 06:50:48",Pendiente,158
460,Alto,"Alerta autom├ítica para incidente #54 - revisar prioridad.","2025-10-26 11:50:48",Pendiente,87
461,Informativo,"Alerta autom├ítica para incidente #244 - revisar prioridad.","2025-10-13 22:50:48",Pendiente,296
462,Alto,"Alerta autom├ítica para incidente #174 - revisar prioridad.","2025-08-07 21:50:48",Revisada,114
463,Alto,"Alerta autom├ítica para incidente #4 - revisar prioridad.","2025-08-05 14:50:48",Pendiente,280
464,Cr├¡tico,"Alerta autom├ítica para incidente #273 - revisar prioridad.","2025-07-29 04:50:48",Revisada,232
465,Cr├¡tico,"Alerta autom├ítica para incidente #26 - revisar prioridad.","2025-10-08 18:50:48",Pendiente,166
466,Informativo,"Alerta autom├ítica para incidente #86 - revisar prioridad.","2025-10-26 18:50:48",Pendiente,348
467,Alto,"Alerta autom├ítica para incidente #184 - revisar prioridad.","2025-11-03 11:50:48",Revisada,51
468,Informativo,"Alerta autom├ítica para incidente #59 - revisar prioridad.","2025-10-22 09:50:48",Pendiente,317
469,Medio,"Alerta autom├ítica para incidente #122 - revisar prioridad.","2025-11-05 04:50:48",Pendiente,175
470,Alto,"Alerta autom├ítica para incidente #93 - revisar prioridad.","2025-08-25 06:50:48",Pendiente,297
471,Medio,"Alerta autom├ítica para incidente #175 - revisar prioridad.","2025-09-21 14:50:48",Revisada,137
472,Informativo,"Alerta autom├ítica para incidente #237 - revisar prioridad.","2025-10-28 17:50:48",Pendiente,47
473,Informativo,"Alerta autom├ítica para incidente #54 - revisar prioridad.","2025-07-31 01:50:48",Pendiente,211
474,Medio,"Alerta autom├ítica para incidente #341 - revisar prioridad.","2025-10-20 18:50:48",Pendiente,181
475,Cr├¡tico,"Alerta autom├ítica para incidente #64 - revisar prioridad.","2025-08-18 04:50:48",Pendiente,113
476,Cr├¡tico,"Alerta autom├ítica para incidente #162 - revisar prioridad.","2025-09-12 12:50:48",Pendiente,101
477,Medio,"Alerta autom├ítica para incidente #106 - revisar prioridad.","2025-07-29 08:50:48",Pendiente,139
478,Medio,"Alerta autom├ítica para incidente #103 - revisar prioridad.","2025-10-30 13:50:48",Pendiente,176
479,Alto,"Alerta autom├ítica para incidente #117 - revisar prioridad.","2025-08-12 08:50:48",Pendiente,91
480,Alto,"Alerta autom├ítica para incidente #313 - revisar prioridad.","2025-07-17 19:50:48",Revisada,279
481,Medio,"Alerta autom├ítica para incidente #238 - revisar prioridad.","2025-09-23 14:50:48",Pendiente,185
482,Informativo,"Alerta autom├ítica para incidente #42 - revisar prioridad.","2025-10-24 03:50:48",Pendiente,268
483,Informativo,"Alerta autom├ítica para incidente #332 - revisar prioridad.","2025-08-30 07:50:48",Pendiente,327
484,Medio,"Alerta autom├ítica para incidente #156 - revisar prioridad.","2025-09-09 21:50:48",Revisada,26
485,Informativo,"Alerta autom├ítica para incidente #178 - revisar prioridad.","2025-09-12 21:50:48",Pendiente,297
486,Medio,"Alerta autom├ítica para incidente #161 - revisar prioridad.","2025-08-07 03:50:48",Revisada,215
487,Cr├¡tico,"Alerta autom├ítica para incidente #305 - revisar prioridad.","2025-09-16 22:50:48",Revisada,264
488,Medio,"Alerta autom├ítica para incidente #334 - revisar prioridad.","2025-09-27 22:50:48",Revisada,32
489,Medio,"Alerta autom├ítica para incidente #161 - revisar prioridad.","2025-09-29 13:50:48",Revisada,289
490,Informativo,"Alerta autom├ítica para incidente #167 - revisar prioridad.","2025-09-21 15:50:48",Pendiente,219
491,Informativo,"Alerta autom├ítica para incidente #161 - revisar prioridad.","2025-08-10 02:50:48",Pendiente,60
492,Informativo,"Alerta autom├ítica para incidente #19 - revisar prioridad.","2025-08-02 09:50:48",Pendiente,205
493,Informativo,"Alerta autom├ítica para incidente #256 - revisar prioridad.","2025-10-20 23:50:48",Pendiente,285
494,Informativo,"Alerta autom├ítica para incidente #205 - revisar prioridad.","2025-10-28 13:50:48",Pendiente,283
495,Alto,"Alerta autom├ítica para incidente #230 - revisar prioridad.","2025-09-24 01:50:48",Pendiente,38
496,Alto,"Alerta autom├ítica para incidente #265 - revisar prioridad.","2025-07-17 07:50:48",Revisada,331
497,Informativo,"Alerta autom├ítica para incidente #4 - revisar prioridad.","2025-09-23 18:50:48",Pendiente,220
498,Informativo,"Alerta autom├ítica para incidente #15 - revisar prioridad.","2025-08-29 11:50:48",Pendiente,319
499,Medio,"Alerta autom├ítica para incidente #103 - revisar prioridad.","2025-08-07 21:50:48",Pendiente,138
500,Cr├¡tico,"Alerta autom├ítica para incidente #90 - revisar prioridad.","2025-09-06 19:50:48",Revisada,163
501,Cr├¡tico,"Alerta autom├ítica para incidente #323 - revisar prioridad.","2025-08-12 17:50:48",Pendiente,341
502,Cr├¡tico,"Alerta autom├ítica para incidente #159 - revisar prioridad.","2025-08-24 02:50:48",Pendiente,121
503,Informativo,"Alerta autom├ítica para incidente #244 - revisar prioridad.","2025-10-03 05:50:48",Pendiente,308
504,Medio,"Alerta autom├ítica para incidente #269 - revisar prioridad.","2025-08-05 21:50:48",Pendiente,84
505,Alto,"Alerta autom├ítica para incidente #110 - revisar prioridad.","2025-08-22 05:50:48",Pendiente,134
506,Cr├¡tico,"Alerta autom├ítica para incidente #157 - revisar prioridad.","2025-08-31 13:50:48",Pendiente,41
507,Cr├¡tico,"Alerta autom├ítica para incidente #84 - revisar prioridad.","2025-10-17 13:50:48",Pendiente,61
508,Cr├¡tico,"Alerta autom├ítica para incidente #323 - revisar prioridad.","2025-08-04 14:50:48",Revisada,51
509,Informativo,"Alerta autom├ítica para incidente #109 - revisar prioridad.","2025-09-08 23:50:48",Pendiente,57
510,Medio,"Alerta autom├ítica para incidente #176 - revisar prioridad.","2025-07-29 03:50:48",Pendiente,134
511,Alto,"Alerta autom├ítica para incidente #222 - revisar prioridad.","2025-09-04 07:50:48",Pendiente,261
512,Medio,"Alerta autom├ítica para incidente #25 - revisar prioridad.","2025-08-26 11:50:48",Pendiente,216
513,Alto,"Alerta autom├ítica para incidente #347 - revisar prioridad.","2025-08-20 16:50:48",Pendiente,175
514,Alto,"Alerta autom├ítica para incidente #249 - revisar prioridad.","2025-09-18 15:50:48",Pendiente,91
515,Alto,"Alerta autom├ítica para incidente #106 - revisar prioridad.","2025-09-29 03:50:48",Pendiente,3
516,Medio,"Alerta autom├ítica para incidente #68 - revisar prioridad.","2025-07-14 03:50:48",Revisada,164
517,Medio,"Alerta autom├ítica para incidente #340 - revisar prioridad.","2025-07-22 09:50:48",Revisada,29
518,Informativo,"Alerta autom├ítica para incidente #146 - revisar prioridad.","2025-09-13 07:50:48",Revisada,298
519,Medio,"Alerta autom├ítica para incidente #125 - revisar prioridad.","2025-07-31 09:50:48",Revisada,322
520,Cr├¡tico,"Alerta autom├ítica para incidente #264 - revisar prioridad.","2025-08-27 06:50:48",Pendiente,30
