id_vulnerabilidad,tipo,severidad,descripcion,fecha_detectada,fecha_resolucion,estado,id_sistema
1,"Misconfigured Service",Alta,"Vulnerabilidad identificada por esc├íner autom├ítico. Ref #1. Requiere priorizaci├│n.",2024-12-31,NULL,Activa,4
2,"Open Port",Baja,"Vulnerabilidad identificada por esc├íner autom├ítico. Ref #2. Requiere priorizaci├│n.",2025-01-22,NULL,Activa,17
3,"SQL Injection",Alta,"Vulnerabilidad identificada por esc├íner autom├ítico. Ref #3. Requiere priorizaci├│n.",2025-06-03,2025-07-15,Resuelta,38
4,"Cross-Site Scripting",Alta,"Vulnerabilidad identificada por esc├íner autom├ítico. Ref #4. Requiere priorizaci├│n.",2025-02-12,NULL,Activa,21
5,"Misconfigured Service",Baja,"Vulnerabilidad identificada por esc├íner autom├ítico. Ref #5. Requiere priorizaci├│n.",2025-09-15,2025-11-09,Resuelta,16
6,"Weak Cipher",Alta,"Vulnerabilidad identificada por esc├íner autom├ítico. Ref #6. Requiere priorizaci├│n.",2025-05-09,NULL,Activa,22
7,"Privilege Escalation",Baja,"Vulnerabilidad identificada por esc├íner autom├ítico. Ref #7. Requiere priorizaci├│n.",2025-10-13,NULL,Activa,40
8,"Buffer Overflow",Baja,"Vulnerabilidad identificada por esc├íner autom├ítico. Ref #8. Requiere priorizaci├│n.",2025-04-01,2025-09-28,Resuelta,38
9,"Weak Cipher",Media,"Vulnerabilidad identificada por esc├íner autom├ítico. Ref #9. Requiere priorizaci├│n.",2025-04-28,2025-07-30,Resuelta,3
10,"Privilege Escalation",Media,"Vulnerabilidad identificada por esc├íner autom├ítico. Ref #10. Requiere priorizaci├│n.",2024-12-14,2025-07-03,Resuelta,11
11,"Weak Cipher",Media,"Vulnerabilidad identificada por esc├íner autom├ítico. Ref #11. Requiere priorizaci├│n.",2025-10-09,2025-10-22,Resuelta,12
12,"Misconfigured Service",Alta,"Vulnerabilidad identificada por esc├íner autom├ítico. Ref #12. Requiere priorizaci├│n.",2025-05-21,2025-09-21,Resuelta,4
13,"Cross-Site Scripting",Media,"Vulnerabilidad identificada por esc├íner autom├ítico. Ref #13. Requiere priorizaci├│n.",2025-01-07,2025-09-11,Resuelta,40
14,"SQL Injection",Baja,"Vulnerabilidad identificada por esc├íner autom├ítico. Ref #14. Requiere priorizaci├│n.",2025-01-31,NULL,Activa,15
15,"Weak Cipher",Media,"Vulnerabilidad identificada por esc├íner autom├ítico. Ref #15. Requiere priorizaci├│n.",2025-10-04,2025-06-24,Resuelta,23
16,"Misconfigured Service",Alta,"Vulnerabilidad identificada por esc├íner autom├ítico. Ref #16. Requiere priorizaci├│n.",2025-06-24,2025-09-04,Resuelta,27
17,"Insecure Deserialization",Alta,"Vulnerabilidad identificada por esc├íner autom├ítico. Ref #17. Requiere priorizaci├│n.",2025-01-25,2025-07-31,Resuelta,18
18,"Weak Cipher",Baja,"Vulnerabilidad identificada por esc├íner autom├ítico. Ref #18. Requiere priorizaci├│n.",2024-12-25,2025-07-16,Resuelta,16
19,"Cross-Site Scripting",Alta,"Vulnerabilidad identificada por esc├íner autom├ítico. Ref #19. Requiere priorizaci├│n.",2025-07-29,NULL,Activa,4
20,"Buffer Overflow",Baja,"Vulnerabilidad identificada por esc├íner autom├ítico. Ref #20. Requiere priorizaci├│n.",2025-04-24,NULL,Activa,9
21,"Weak Cipher",Alta,"Vulnerabilidad identificada por esc├íner autom├ítico. Ref #21. Requiere priorizaci├│n.",2025-09-05,2025-11-04,Resuelta,1
22,"Open Port",Baja,"Vulnerabilidad identificada por esc├íner autom├ítico. Ref #22. Requiere priorizaci├│n.",2025-05-19,NULL,Activa,32
23,"Insecure Deserialization",Alta,"Vulnerabilidad identificada por esc├íner autom├ítico. Ref #23. Requiere priorizaci├│n.",2025-01-25,2025-05-21,Resuelta,1
24,"Privilege Escalation",Alta,"Vulnerabilidad identificada por esc├íner autom├ítico. Ref #24. Requiere priorizaci├│n.",2025-04-29,2025-04-25,Resuelta,21
25,"Default Credentials",Media,"Vulnerabilidad identificada por esc├íner autom├ítico. Ref #25. Requiere priorizaci├│n.",2025-09-09,NULL,Activa,17
26,"Default Credentials",Alta,"Vulnerabilidad identificada por esc├íner autom├ítico. Ref #26. Requiere priorizaci├│n.",2024-12-16,NULL,Activa,34
27,"Buffer Overflow",Alta,"Vulnerabilidad identificada por esc├íner autom├ítico. Ref #27. Requiere priorizaci├│n.",2024-11-23,NULL,Activa,15
28,RCE,Baja,"Vulnerabilidad identificada por esc├íner autom├ítico. Ref #28. Requiere priorizaci├│n.",2025-11-10,NULL,Activa,4
29,"SQL Injection",Media,"Vulnerabilidad identificada por esc├íner autom├ítico. Ref #29. Requiere priorizaci├│n.",2025-07-23,2025-08-05,Resuelta,16
30,"Open Port",Media,"Vulnerabilidad identificada por esc├íner autom├ítico. Ref #30. Requiere priorizaci├│n.",2025-08-12,2025-07-12,Resuelta,22
31,"Privilege Escalation",Alta,"Vulnerabilidad identificada por esc├íner autom├ítico. Ref #31. Requiere priorizaci├│n.",2025-09-03,NULL,Activa,10
32,"Privilege Escalation",Media,"Vulnerabilidad identificada por esc├íner autom├ítico. Ref #32. Requiere priorizaci├│n.",2025-06-04,NULL,Activa,4
33,"Privilege Escalation",Baja,"Vulnerabilidad identificada por esc├íner autom├ítico. Ref #33. Requiere priorizaci├│n.",2025-10-09,NULL,Activa,16
34,"Default Credentials",Baja,"Vulnerabilidad identificada por esc├íner autom├ítico. Ref #34. Requiere priorizaci├│n.",2025-06-29,NULL,Activa,33
35,"Insecure Deserialization",Media,"Vulnerabilidad identificada por esc├íner autom├ítico. Ref #35. Requiere priorizaci├│n.",2024-12-18,NULL,Activa,33
36,"Misconfigured Service",Baja,"Vulnerabilidad identificada por esc├íner autom├ítico. Ref #36. Requiere priorizaci├│n.",2025-08-08,NULL,Activa,23
37,"Insecure Deserialization",Alta,"Vulnerabilidad identificada por esc├íner autom├ítico. Ref #37. Requiere priorizaci├│n.",2025-10-30,2025-10-29,Resuelta,2
38,"Open Port",Media,"Vulnerabilidad identificada por esc├íner autom├ítico. Ref #38. Requiere priorizaci├│n.",2025-04-01,2025-10-07,Resuelta,19
39,"Privilege Escalation",Alta,"Vulnerabilidad identificada por esc├íner autom├ítico. Ref #39. Requiere priorizaci├│n.",2025-02-27,2025-08-14,Resuelta,34
40,"Default Credentials",Media,"Vulnerabilidad identificada por esc├íner autom├ítico. Ref #40. Requiere priorizaci├│n.",2025-09-01,2025-08-28,Resuelta,28
41,"Weak Cipher",Alta,"Vulnerabilidad identificada por esc├íner autom├ítico. Ref #41. Requiere priorizaci├│n.",2025-05-17,NULL,Activa,16
42,"Default Credentials",Media,"Vulnerabilidad identificada por esc├íner autom├ítico. Ref #42. Requiere priorizaci├│n.",2025-06-22,NULL,Activa,2
43,RCE,Baja,"Vulnerabilidad identificada por esc├íner autom├ítico. Ref #43. Requiere priorizaci├│n.",2025-06-21,2025-08-31,Resuelta,25
44,"Misconfigured Service",Media,"Vulnerabilidad identificada por esc├íner autom├ítico. Ref #44. Requiere priorizaci├│n.",2025-07-08,NULL,Activa,36
45,"Misconfigured Service",Baja,"Vulnerabilidad identificada por esc├íner autom├ítico. Ref #45. Requiere priorizaci├│n.",2025-02-05,2025-10-01,Resuelta,17
46,RCE,Alta,"Vulnerabilidad identificada por esc├íner autom├ítico. Ref #46. Requiere priorizaci├│n.",2025-06-22,NULL,Activa,34
47,"Buffer Overflow",Alta,"Vulnerabilidad identificada por esc├íner autom├ítico. Ref #47. Requiere priorizaci├│n.",2025-03-09,NULL,Activa,11
48,"Insecure Deserialization",Baja,"Vulnerabilidad identificada por esc├íner autom├ítico. Ref #48. Requiere priorizaci├│n.",2025-06-12,2025-05-11,Resuelta,19
49,"Default Credentials",Alta,"Vulnerabilidad identificada por esc├íner autom├ítico. Ref #49. Requiere priorizaci├│n.",2025-04-27,NULL,Activa,26
50,"Cross-Site Scripting",Alta,"Vulnerabilidad identificada por esc├íner autom├ítico. Ref #50. Requiere priorizaci├│n.",2025-07-12,2025-05-12,Resuelta,28
51,"Insecure Deserialization",Alta,"Vulnerabilidad identificada por esc├íner autom├ítico. Ref #51. Requiere priorizaci├│n.",2025-09-17,NULL,Activa,1
52,"Buffer Overflow",Baja,"Vulnerabilidad identificada por esc├íner autom├ítico. Ref #52. Requiere priorizaci├│n.",2025-06-19,NULL,Activa,31
53,"Privilege Escalation",Media,"Vulnerabilidad identificada por esc├íner autom├ítico. Ref #53. Requiere priorizaci├│n.",2024-12-23,NULL,Activa,24
54,"Open Port",Alta,"Vulnerabilidad identificada por esc├íner autom├ítico. Ref #54. Requiere priorizaci├│n.",2025-01-12,NULL,Activa,18
55,"Cross-Site Scripting",Baja,"Vulnerabilidad identificada por esc├íner autom├ítico. Ref #55. Requiere priorizaci├│n.",2025-10-09,2025-10-09,Resuelta,4
56,"Misconfigured Service",Baja,"Vulnerabilidad identificada por esc├íner autom├ítico. Ref #56. Requiere priorizaci├│n.",2025-09-12,NULL,Activa,30
57,"Buffer Overflow",Media,"Vulnerabilidad identificada por esc├íner autom├ítico. Ref #57. Requiere priorizaci├│n.",2025-10-17,2025-06-03,Resuelta,21
58,"Privilege Escalation",Baja,"Vulnerabilidad identificada por esc├íner autom├ítico. Ref #58. Requiere priorizaci├│n.",2025-06-29,NULL,Activa,35
59,"Default Credentials",Media,"Vulnerabilidad identificada por esc├íner autom├ítico. Ref #59. Requiere priorizaci├│n.",2025-05-23,2025-09-25,Resuelta,29
60,"SQL Injection",Baja,"Vulnerabilidad identificada por esc├íner autom├ítico. Ref #60. Requiere priorizaci├│n.",2025-01-01,NULL,Activa,37
61,RCE,Media,"Vulnerabilidad identificada por esc├íner autom├ítico. Ref #61. Requiere priorizaci├│n.",2025-02-11,2025-07-13,Resuelta,10
62,"Misconfigured Service",Media,"Vulnerabilidad identificada por esc├íner autom├ítico. Ref #62. Requiere priorizaci├│n.",2025-02-02,NULL,Activa,38
63,"Insecure Deserialization",Baja,"Vulnerabilidad identificada por esc├íner autom├ítico. Ref #63. Requiere priorizaci├│n.",2025-06-15,2025-06-28,Resuelta,1
64,"Buffer Overflow",Media,"Vulnerabilidad identificada por esc├íner autom├ítico. Ref #64. Requiere priorizaci├│n.",2025-06-05,NULL,Activa,22
65,RCE,Baja,"Vulnerabilidad identificada por esc├íner autom├ítico. Ref #65. Requiere priorizaci├│n.",2025-03-30,2025-05-23,Resuelta,10
66,"Buffer Overflow",Media,"Vulnerabilidad identificada por esc├íner autom├ítico. Ref #66. Requiere priorizaci├│n.",2025-08-20,2025-05-22,Resuelta,36
67,"Weak Cipher",Media,"Vulnerabilidad identificada por esc├íner autom├ítico. Ref #67. Requiere priorizaci├│n.",2025-11-05,NULL,Activa,12
68,"Default Credentials",Media,"Vulnerabilidad identificada por esc├íner autom├ítico. Ref #68. Requiere priorizaci├│n.",2025-09-19,2025-06-12,Resuelta,36
69,"Open Port",Media,"Vulnerabilidad identificada por esc├íner autom├ítico. Ref #69. Requiere priorizaci├│n.",2024-12-12,2025-10-08,Resuelta,33
70,"Privilege Escalation",Media,"Vulnerabilidad identificada por esc├íner autom├ítico. Ref #70. Requiere priorizaci├│n.",2025-08-15,NULL,Activa,31
71,"Misconfigured Service",Media,"Vulnerabilidad identificada por esc├íner autom├ítico. Ref #71. Requiere priorizaci├│n.",2025-10-20,NULL,Activa,7
72,"Weak Cipher",Baja,"Vulnerabilidad identificada por esc├íner autom├ítico. Ref #72. Requiere priorizaci├│n.",2024-11-11,2025-08-14,Resuelta,31
73,"Misconfigured Service",Media,"Vulnerabilidad identificada por esc├íner autom├ítico. Ref #73. Requiere priorizaci├│n.",2024-12-12,2025-05-18,Resuelta,17
74,"Default Credentials",Baja,"Vulnerabilidad identificada por esc├íner autom├ítico. Ref #74. Requiere priorizaci├│n.",2024-11-20,2025-10-08,Resuelta,18
75,"Open Port",Alta,"Vulnerabilidad identificada por esc├íner autom├ítico. Ref #75. Requiere priorizaci├│n.",2025-11-01,NULL,Activa,17
76,"Cross-Site Scripting",Media,"Vulnerabilidad identificada por esc├íner autom├ítico. Ref #76. Requiere priorizaci├│n.",2025-05-21,NULL,Activa,3
77,"Misconfigured Service",Alta,"Vulnerabilidad identificada por esc├íner autom├ítico. Ref #77. Requiere priorizaci├│n.",2025-09-30,NULL,Activa,27
78,"Open Port",Alta,"Vulnerabilidad identificada por esc├íner autom├ítico. Ref #78. Requiere priorizaci├│n.",2024-11-27,NULL,Activa,7
79,"SQL Injection",Alta,"Vulnerabilidad identificada por esc├íner autom├ítico. Ref #79. Requiere priorizaci├│n.",2025-03-07,2025-05-11,Resuelta,8
80,"Buffer Overflow",Baja,"Vulnerabilidad identificada por esc├íner autom├ítico. Ref #80. Requiere priorizaci├│n.",2025-02-13,NULL,Activa,26
81,"SQL Injection",Baja,"Vulnerabilidad identificada por esc├íner autom├ítico. Ref #81. Requiere priorizaci├│n.",2025-08-29,2025-05-31,Resuelta,36
82,"Open Port",Media,"Vulnerabilidad identificada por esc├íner autom├ítico. Ref #82. Requiere priorizaci├│n.",2024-12-29,NULL,Activa,29
83,"Insecure Deserialization",Alta,"Vulnerabilidad identificada por esc├íner autom├ítico. Ref #83. Requiere priorizaci├│n.",2025-07-14,NULL,Activa,33
84,"Misconfigured Service",Alta,"Vulnerabilidad identificada por esc├íner autom├ítico. Ref #84. Requiere priorizaci├│n.",2025-10-26,2025-07-11,Resuelta,23
85,RCE,Baja,"Vulnerabilidad identificada por esc├íner autom├ítico. Ref #85. Requiere priorizaci├│n.",2025-06-02,NULL,Activa,10
86,"Insecure Deserialization",Media,"Vulnerabilidad identificada por esc├íner autom├ítico. Ref #86. Requiere priorizaci├│n.",2025-01-04,NULL,Activa,28
87,"Buffer Overflow",Media,"Vulnerabilidad identificada por esc├íner autom├ítico. Ref #87. Requiere priorizaci├│n.",2025-02-13,2025-05-14,Resuelta,24
88,"Insecure Deserialization",Media,"Vulnerabilidad identificada por esc├íner autom├ítico. Ref #88. Requiere priorizaci├│n.",2024-12-11,2025-06-04,Resuelta,16
89,"Weak Cipher",Media,"Vulnerabilidad identificada por esc├íner autom├ítico. Ref #89. Requiere priorizaci├│n.",2024-11-16,2025-05-26,Resuelta,14
90,"Default Credentials",Media,"Vulnerabilidad identificada por esc├íner autom├ítico. Ref #90. Requiere priorizaci├│n.",2025-03-09,NULL,Activa,6
91,"Open Port",Alta,"Vulnerabilidad identificada por esc├íner autom├ítico. Ref #91. Requiere priorizaci├│n.",2025-09-22,NULL,Activa,16
92,"Cross-Site Scripting",Baja,"Vulnerabilidad identificada por esc├íner autom├ítico. Ref #92. Requiere priorizaci├│n.",2025-09-14,2025-10-21,Resuelta,14
93,"Privilege Escalation",Alta,"Vulnerabilidad identificada por esc├íner autom├ítico. Ref #93. Requiere priorizaci├│n.",2025-09-30,NULL,Activa,8
94,"SQL Injection",Alta,"Vulnerabilidad identificada por esc├íner autom├ítico. Ref #94. Requiere priorizaci├│n.",2024-11-27,NULL,Activa,18
95,"Weak Cipher",Media,"Vulnerabilidad identificada por esc├íner autom├ítico. Ref #95. Requiere priorizaci├│n.",2025-03-18,2025-08-17,Resuelta,24
96,"Default Credentials",Baja,"Vulnerabilidad identificada por esc├íner autom├ítico. Ref #96. Requiere priorizaci├│n.",2025-09-11,NULL,Activa,35
97,RCE,Alta,"Vulnerabilidad identificada por esc├íner autom├ítico. Ref #97. Requiere priorizaci├│n.",2025-04-30,NULL,Activa,1
98,"Privilege Escalation",Baja,"Vulnerabilidad identificada por esc├íner autom├ítico. Ref #98. Requiere priorizaci├│n.",2025-05-02,2025-05-16,Resuelta,35
99,"Misconfigured Service",Media,"Vulnerabilidad identificada por esc├íner autom├ítico. Ref #99. Requiere priorizaci├│n.",2025-01-22,2025-10-25,Resuelta,39
100,"Insecure Deserialization",Alta,"Vulnerabilidad identificada por esc├íner autom├ítico. Ref #100. Requiere priorizaci├│n.",2025-02-03,NULL,Activa,22
101,"Weak Cipher",Alta,"Vulnerabilidad identificada por esc├íner autom├ítico. Ref #101. Requiere priorizaci├│n.",2025-08-17,2025-05-05,Resuelta,5
102,"SQL Injection",Baja,"Vulnerabilidad identificada por esc├íner autom├ítico. Ref #102. Requiere priorizaci├│n.",2025-03-13,2025-05-22,Resuelta,15
103,"Insecure Deserialization",Alta,"Vulnerabilidad identificada por esc├íner autom├ítico. Ref #103. Requiere priorizaci├│n.",2024-12-26,NULL,Activa,27
104,"Privilege Escalation",Media,"Vulnerabilidad identificada por esc├íner autom├ítico. Ref #104. Requiere priorizaci├│n.",2025-07-20,2025-08-05,Resuelta,29
105,"Insecure Deserialization",Alta,"Vulnerabilidad identificada por esc├íner autom├ítico. Ref #105. Requiere priorizaci├│n.",2025-06-01,2025-05-13,Resuelta,36
106,"Privilege Escalation",Baja,"Vulnerabilidad identificada por esc├íner autom├ítico. Ref #106. Requiere priorizaci├│n.",2025-02-19,NULL,Activa,23
107,"Buffer Overflow",Media,"Vulnerabilidad identificada por esc├íner autom├ítico. Ref #107. Requiere priorizaci├│n.",2025-06-26,2025-10-04,Resuelta,35
108,"Default Credentials",Media,"Vulnerabilidad identificada por esc├íner autom├ítico. Ref #108. Requiere priorizaci├│n.",2025-04-27,NULL,Activa,8
109,"Privilege Escalation",Alta,"Vulnerabilidad identificada por esc├íner autom├ítico. Ref #109. Requiere priorizaci├│n.",2025-05-11,NULL,Activa,12
110,"Buffer Overflow",Alta,"Vulnerabilidad identificada por esc├íner autom├ítico. Ref #110. Requiere priorizaci├│n.",2025-06-12,NULL,Activa,8
111,"Cross-Site Scripting",Media,"Vulnerabilidad identificada por esc├íner autom├ítico. Ref #111. Requiere priorizaci├│n.",2025-09-16,2025-07-31,Resuelta,28
112,"Cross-Site Scripting",Baja,"Vulnerabilidad identificada por esc├íner autom├ítico. Ref #112. Requiere priorizaci├│n.",2025-04-17,NULL,Activa,16
113,"Weak Cipher",Media,"Vulnerabilidad identificada por esc├íner autom├ítico. Ref #113. Requiere priorizaci├│n.",2024-11-30,NULL,Activa,1
114,"Buffer Overflow",Media,"Vulnerabilidad identificada por esc├íner autom├ítico. Ref #114. Requiere priorizaci├│n.",2025-07-21,2025-05-17,Resuelta,29
115,"Buffer Overflow",Alta,"Vulnerabilidad identificada por esc├íner autom├ítico. Ref #115. Requiere priorizaci├│n.",2025-02-17,2025-09-25,Resuelta,30
116,"Insecure Deserialization",Baja,"Vulnerabilidad identificada por esc├íner autom├ítico. Ref #116. Requiere priorizaci├│n.",2025-03-11,2025-07-26,Resuelta,39
117,"Buffer Overflow",Alta,"Vulnerabilidad identificada por esc├íner autom├ítico. Ref #117. Requiere priorizaci├│n.",2025-03-15,2025-08-03,Resuelta,26
118,"Cross-Site Scripting",Media,"Vulnerabilidad identificada por esc├íner autom├ítico. Ref #118. Requiere priorizaci├│n.",2025-08-10,2025-10-29,Resuelta,2
119,"Buffer Overflow",Baja,"Vulnerabilidad identificada por esc├íner autom├ítico. Ref #119. Requiere priorizaci├│n.",2025-05-30,2025-10-23,Resuelta,18
120,"Insecure Deserialization",Media,"Vulnerabilidad identificada por esc├íner autom├ítico. Ref #120. Requiere priorizaci├│n.",2025-04-01,NULL,Activa,18
121,"Insecure Deserialization",Media,"Vulnerabilidad identificada por esc├íner autom├ítico. Ref #121. Requiere priorizaci├│n.",2024-11-18,NULL,Activa,25
122,"Misconfigured Service",Alta,"Vulnerabilidad identificada por esc├íner autom├ítico. Ref #122. Requiere priorizaci├│n.",2025-10-30,NULL,Activa,14
123,RCE,Baja,"Vulnerabilidad identificada por esc├íner autom├ítico. Ref #123. Requiere priorizaci├│n.",2025-03-10,NULL,Activa,4
124,"SQL Injection",Alta,"Vulnerabilidad identificada por esc├íner autom├ítico. Ref #124. Requiere priorizaci├│n.",2025-06-21,NULL,Activa,11
125,"Misconfigured Service",Baja,"Vulnerabilidad identificada por esc├íner autom├ítico. Ref #125. Requiere priorizaci├│n.",2024-11-14,2025-11-10,Resuelta,20
126,"Misconfigured Service",Alta,"Vulnerabilidad identificada por esc├íner autom├ítico. Ref #126. Requiere priorizaci├│n.",2024-12-30,2025-06-26,Resuelta,25
127,"SQL Injection",Alta,"Vulnerabilidad identificada por esc├íner autom├ítico. Ref #127. Requiere priorizaci├│n.",2025-02-24,2025-08-04,Resuelta,30
128,"Misconfigured Service",Baja,"Vulnerabilidad identificada por esc├íner autom├ítico. Ref #128. Requiere priorizaci├│n.",2025-06-18,2025-08-09,Resuelta,7
129,"SQL Injection",Baja,"Vulnerabilidad identificada por esc├íner autom├ítico. Ref #129. Requiere priorizaci├│n.",2024-11-24,NULL,Activa,39
130,"SQL Injection",Baja,"Vulnerabilidad identificada por esc├íner autom├ítico. Ref #130. Requiere priorizaci├│n.",2025-02-07,NULL,Activa,27
131,"Open Port",Baja,"Vulnerabilidad identificada por esc├íner autom├ítico. Ref #131. Requiere priorizaci├│n.",2025-07-26,2025-04-25,Resuelta,29
132,"Misconfigured Service",Media,"Vulnerabilidad identificada por esc├íner autom├ítico. Ref #132. Requiere priorizaci├│n.",2025-07-21,2025-04-26,Resuelta,1
133,"Buffer Overflow",Baja,"Vulnerabilidad identificada por esc├íner autom├ítico. Ref #133. Requiere priorizaci├│n.",2025-07-25,2025-08-24,Resuelta,28
134,"Default Credentials",Baja,"Vulnerabilidad identificada por esc├íner autom├ítico. Ref #134. Requiere priorizaci├│n.",2025-04-20,2025-05-23,Resuelta,3
135,"Default Credentials",Media,"Vulnerabilidad identificada por esc├íner autom├ítico. Ref #135. Requiere priorizaci├│n.",2025-01-16,2025-10-16,Resuelta,39
136,"Privilege Escalation",Media,"Vulnerabilidad identificada por esc├íner autom├ítico. Ref #136. Requiere priorizaci├│n.",2025-10-07,2025-07-01,Resuelta,13
137,"Cross-Site Scripting",Media,"Vulnerabilidad identificada por esc├íner autom├ítico. Ref #137. Requiere priorizaci├│n.",2025-06-04,2025-10-15,Resuelta,13
138,"Privilege Escalation",Baja,"Vulnerabilidad identificada por esc├íner autom├ítico. Ref #138. Requiere priorizaci├│n.",2025-01-24,2025-08-31,Resuelta,16
139,"Privilege Escalation",Media,"Vulnerabilidad identificada por esc├íner autom├ítico. Ref #139. Requiere priorizaci├│n.",2024-12-07,2025-08-04,Resuelta,2
140,"Insecure Deserialization",Alta,"Vulnerabilidad identificada por esc├íner autom├ítico. Ref #140. Requiere priorizaci├│n.",2025-04-15,NULL,Activa,36
141,"SQL Injection",Media,"Vulnerabilidad identificada por esc├íner autom├ítico. Ref #141. Requiere priorizaci├│n.",2024-12-07,NULL,Activa,29
142,"Default Credentials",Media,"Vulnerabilidad identificada por esc├íner autom├ítico. Ref #142. Requiere priorizaci├│n.",2025-03-27,2025-09-30,Resuelta,33
143,"Privilege Escalation",Media,"Vulnerabilidad identificada por esc├íner autom├ítico. Ref #143. Requiere priorizaci├│n.",2025-08-09,2025-06-29,Resuelta,37
144,RCE,Media,"Vulnerabilidad identificada por esc├íner autom├ítico. Ref #144. Requiere priorizaci├│n.",2025-08-08,NULL,Activa,26
145,"Privilege Escalation",Baja,"Vulnerabilidad identificada por esc├íner autom├ítico. Ref #145. Requiere priorizaci├│n.",2025-05-30,NULL,Activa,12
146,"Misconfigured Service",Media,"Vulnerabilidad identificada por esc├íner autom├ítico. Ref #146. Requiere priorizaci├│n.",2025-05-01,2025-07-16,Resuelta,31
147,"Privilege Escalation",Baja,"Vulnerabilidad identificada por esc├íner autom├ítico. Ref #147. Requiere priorizaci├│n.",2025-05-12,2025-10-01,Resuelta,13
148,"Default Credentials",Baja,"Vulnerabilidad identificada por esc├íner autom├ítico. Ref #148. Requiere priorizaci├│n.",2025-01-17,2025-06-12,Resuelta,29
149,"SQL Injection",Alta,"Vulnerabilidad identificada por esc├íner autom├ítico. Ref #149. Requiere priorizaci├│n.",2025-05-16,2025-09-25,Resuelta,4
150,RCE,Alta,"Vulnerabilidad identificada por esc├íner autom├ítico. Ref #150. Requiere priorizaci├│n.",2025-10-05,2025-08-26,Resuelta,33
151,"Open Port",Baja,"Vulnerabilidad identificada por esc├íner autom├ítico. Ref #151. Requiere priorizaci├│n.",2025-04-17,NULL,Activa,6
152,"Default Credentials",Alta,"Vulnerabilidad identificada por esc├íner autom├ítico. Ref #152. Requiere priorizaci├│n.",2025-05-02,2025-06-27,Resuelta,35
153,RCE,Media,"Vulnerabilidad identificada por esc├íner autom├ítico. Ref #153. Requiere priorizaci├│n.",2025-07-25,NULL,Activa,17
154,"Weak Cipher",Media,"Vulnerabilidad identificada por esc├íner autom├ítico. Ref #154. Requiere priorizaci├│n.",2025-02-26,NULL,Activa,13
155,"Insecure Deserialization",Media,"Vulnerabilidad identificada por esc├íner autom├ítico. Ref #155. Requiere priorizaci├│n.",2025-02-18,NULL,Activa,26
156,"Default Credentials",Baja,"Vulnerabilidad identificada por esc├íner autom├ítico. Ref #156. Requiere priorizaci├│n.",2025-05-09,NULL,Activa,12
157,"Buffer Overflow",Alta,"Vulnerabilidad identificada por esc├íner autom├ítico. Ref #157. Requiere priorizaci├│n.",2025-10-01,NULL,Activa,35
158,"Weak Cipher",Baja,"Vulnerabilidad identificada por esc├íner autom├ítico. Ref #158. Requiere priorizaci├│n.",2024-11-29,NULL,Activa,16
159,"Weak Cipher",Media,"Vulnerabilidad identificada por esc├íner autom├ítico. Ref #159. Requiere priorizaci├│n.",2024-12-09,NULL,Activa,3
160,"Insecure Deserialization",Alta,"Vulnerabilidad identificada por esc├íner autom├ítico. Ref #160. Requiere priorizaci├│n.",2025-07-04,2025-07-25,Resuelta,38
161,"Insecure Deserialization",Baja,"Vulnerabilidad identificada por esc├íner autom├ítico. Ref #161. Requiere priorizaci├│n.",2024-11-20,NULL,Activa,19
162,"Open Port",Media,"Vulnerabilidad identificada por esc├íner autom├ítico. Ref #162. Requiere priorizaci├│n.",2025-03-31,NULL,Activa,32
163,"SQL Injection",Baja,"Vulnerabilidad identificada por esc├íner autom├ítico. Ref #163. Requiere priorizaci├│n.",2025-10-05,2025-09-14,Resuelta,25
164,"SQL Injection",Baja,"Vulnerabilidad identificada por esc├íner autom├ítico. Ref #164. Requiere priorizaci├│n.",2025-03-12,NULL,Activa,30
165,"Weak Cipher",Baja,"Vulnerabilidad identificada por esc├íner autom├ítico. Ref #165. Requiere priorizaci├│n.",2025-05-08,2025-04-27,Resuelta,31
166,RCE,Media,"Vulnerabilidad identificada por esc├íner autom├ítico. Ref #166. Requiere priorizaci├│n.",2025-04-14,2025-08-25,Resuelta,7
167,"Insecure Deserialization",Media,"Vulnerabilidad identificada por esc├íner autom├ítico. Ref #167. Requiere priorizaci├│n.",2025-09-24,NULL,Activa,38
168,"Default Credentials",Alta,"Vulnerabilidad identificada por esc├íner autom├ítico. Ref #168. Requiere priorizaci├│n.",2025-10-17,2025-08-21,Resuelta,20
169,"Insecure Deserialization",Alta,"Vulnerabilidad identificada por esc├íner autom├ítico. Ref #169. Requiere priorizaci├│n.",2025-03-05,2025-08-18,Resuelta,13
170,"Buffer Overflow",Alta,"Vulnerabilidad identificada por esc├íner autom├ítico. Ref #170. Requiere priorizaci├│n.",2025-05-09,NULL,Activa,31
171,"Open Port",Alta,"Vulnerabilidad identificada por esc├íner autom├ítico. Ref #171. Requiere priorizaci├│n.",2025-03-07,2025-06-13,Resuelta,33
172,"Insecure Deserialization",Alta,"Vulnerabilidad identificada por esc├íner autom├ítico. Ref #172. Requiere priorizaci├│n.",2025-01-15,2025-05-17,Resuelta,27
173,"Cross-Site Scripting",Baja,"Vulnerabilidad identificada por esc├íner autom├ítico. Ref #173. Requiere priorizaci├│n.",2024-12-02,2025-06-15,Resuelta,2
174,"Privilege Escalation",Alta,"Vulnerabilidad identificada por esc├íner autom├ítico. Ref #174. Requiere priorizaci├│n.",2025-08-18,2025-07-01,Resuelta,3
175,RCE,Media,"Vulnerabilidad identificada por esc├íner autom├ítico. Ref #175. Requiere priorizaci├│n.",2025-07-19,2025-10-07,Resuelta,33
176,"Default Credentials",Alta,"Vulnerabilidad identificada por esc├íner autom├ítico. Ref #176. Requiere priorizaci├│n.",2025-05-10,2025-07-25,Resuelta,19
177,RCE,Media,"Vulnerabilidad identificada por esc├íner autom├ítico. Ref #177. Requiere priorizaci├│n.",2025-06-26,NULL,Activa,35
178,"SQL Injection",Baja,"Vulnerabilidad identificada por esc├íner autom├ítico. Ref #178. Requiere priorizaci├│n.",2025-04-08,NULL,Activa,29
179,"Insecure Deserialization",Media,"Vulnerabilidad identificada por esc├íner autom├ítico. Ref #179. Requiere priorizaci├│n.",2025-02-27,2025-08-10,Resuelta,11
180,"SQL Injection",Alta,"Vulnerabilidad identificada por esc├íner autom├ítico. Ref #180. Requiere priorizaci├│n.",2025-08-21,NULL,Activa,29
181,"Buffer Overflow",Alta,"Vulnerabilidad identificada por esc├íner autom├ítico. Ref #181. Requiere priorizaci├│n.",2025-10-22,2025-08-28,Resuelta,28
182,"Cross-Site Scripting",Baja,"Vulnerabilidad identificada por esc├íner autom├ítico. Ref #182. Requiere priorizaci├│n.",2025-08-30,NULL,Activa,5
183,"Misconfigured Service",Alta,"Vulnerabilidad identificada por esc├íner autom├ítico. Ref #183. Requiere priorizaci├│n.",2025-01-16,2025-10-01,Resuelta,19
184,"Open Port",Media,"Vulnerabilidad identificada por esc├íner autom├ítico. Ref #184. Requiere priorizaci├│n.",2025-01-13,NULL,Activa,38
185,"Misconfigured Service",Media,"Vulnerabilidad identificada por esc├íner autom├ítico. Ref #185. Requiere priorizaci├│n.",2025-06-05,2025-10-06,Resuelta,18
186,"Privilege Escalation",Alta,"Vulnerabilidad identificada por esc├íner autom├ítico. Ref #186. Requiere priorizaci├│n.",2025-11-01,NULL,Activa,40
187,"Default Credentials",Baja,"Vulnerabilidad identificada por esc├íner autom├ítico. Ref #187. Requiere priorizaci├│n.",2025-10-09,2025-05-28,Resuelta,38
188,RCE,Alta,"Vulnerabilidad identificada por esc├íner autom├ítico. Ref #188. Requiere priorizaci├│n.",2025-02-11,NULL,Activa,32
189,"Default Credentials",Media,"Vulnerabilidad identificada por esc├íner autom├ítico. Ref #189. Requiere priorizaci├│n.",2024-12-16,2025-07-08,Resuelta,35
190,"Weak Cipher",Media,"Vulnerabilidad identificada por esc├íner autom├ítico. Ref #190. Requiere priorizaci├│n.",2025-07-16,2025-07-21,Resuelta,34
191,"Open Port",Media,"Vulnerabilidad identificada por esc├íner autom├ítico. Ref #191. Requiere priorizaci├│n.",2025-08-19,2025-05-16,Resuelta,18
192,"Buffer Overflow",Alta,"Vulnerabilidad identificada por esc├íner autom├ítico. Ref #192. Requiere priorizaci├│n.",2025-10-19,2025-06-27,Resuelta,35
193,RCE,Media,"Vulnerabilidad identificada por esc├íner autom├ítico. Ref #193. Requiere priorizaci├│n.",2025-05-27,NULL,Activa,11
194,"Privilege Escalation",Media,"Vulnerabilidad identificada por esc├íner autom├ítico. Ref #194. Requiere priorizaci├│n.",2025-05-31,NULL,Activa,20
195,"Buffer Overflow",Alta,"Vulnerabilidad identificada por esc├íner autom├ítico. Ref #195. Requiere priorizaci├│n.",2025-04-03,NULL,Activa,34
196,"Weak Cipher",Media,"Vulnerabilidad identificada por esc├íner autom├ítico. Ref #196. Requiere priorizaci├│n.",2025-07-05,2025-06-29,Resuelta,18
197,"Cross-Site Scripting",Alta,"Vulnerabilidad identificada por esc├íner autom├ítico. Ref #197. Requiere priorizaci├│n.",2025-07-02,NULL,Activa,17
198,"SQL Injection",Media,"Vulnerabilidad identificada por esc├íner autom├ítico. Ref #198. Requiere priorizaci├│n.",2024-12-18,NULL,Activa,27
199,"Default Credentials",Alta,"Vulnerabilidad identificada por esc├íner autom├ítico. Ref #199. Requiere priorizaci├│n.",2025-06-04,2025-06-27,Resuelta,1
200,"Privilege Escalation",Baja,"Vulnerabilidad identificada por esc├íner autom├ítico. Ref #200. Requiere priorizaci├│n.",2025-09-21,NULL,Activa,19
201,RCE,Media,"Vulnerabilidad identificada por esc├íner autom├ítico. Ref #201. Requiere priorizaci├│n.",2025-08-12,NULL,Activa,14
202,"Default Credentials",Baja,"Vulnerabilidad identificada por esc├íner autom├ítico. Ref #202. Requiere priorizaci├│n.",2025-05-19,NULL,Activa,11
203,"Weak Cipher",Media,"Vulnerabilidad identificada por esc├íner autom├ítico. Ref #203. Requiere priorizaci├│n.",2025-03-29,2025-07-08,Resuelta,20
204,"Misconfigured Service",Baja,"Vulnerabilidad identificada por esc├íner autom├ítico. Ref #204. Requiere priorizaci├│n.",2024-12-10,2025-08-24,Resuelta,12
205,"Default Credentials",Baja,"Vulnerabilidad identificada por esc├íner autom├ítico. Ref #205. Requiere priorizaci├│n.",2025-05-17,NULL,Activa,27
206,"Misconfigured Service",Alta,"Vulnerabilidad identificada por esc├íner autom├ítico. Ref #206. Requiere priorizaci├│n.",2024-12-19,2025-05-30,Resuelta,11
207,"SQL Injection",Media,"Vulnerabilidad identificada por esc├íner autom├ítico. Ref #207. Requiere priorizaci├│n.",2025-10-19,2025-09-30,Resuelta,12
208,"Default Credentials",Media,"Vulnerabilidad identificada por esc├íner autom├ítico. Ref #208. Requiere priorizaci├│n.",2025-02-23,2025-07-10,Resuelta,27
209,"Weak Cipher",Baja,"Vulnerabilidad identificada por esc├íner autom├ítico. Ref #209. Requiere priorizaci├│n.",2025-04-17,2025-10-16,Resuelta,21
210,"Default Credentials",Media,"Vulnerabilidad identificada por esc├íner autom├ítico. Ref #210. Requiere priorizaci├│n.",2025-08-12,2025-06-08,Resuelta,38
211,"SQL Injection",Media,"Vulnerabilidad identificada por esc├íner autom├ítico. Ref #211. Requiere priorizaci├│n.",2025-09-01,NULL,Activa,12
212,"Privilege Escalation",Media,"Vulnerabilidad identificada por esc├íner autom├ítico. Ref #212. Requiere priorizaci├│n.",2025-07-23,2025-09-04,Resuelta,31
213,"Weak Cipher",Baja,"Vulnerabilidad identificada por esc├íner autom├ítico. Ref #213. Requiere priorizaci├│n.",2025-05-02,NULL,Activa,1
214,"Privilege Escalation",Baja,"Vulnerabilidad identificada por esc├íner autom├ítico. Ref #214. Requiere priorizaci├│n.",2025-09-03,2025-08-18,Resuelta,10
215,RCE,Media,"Vulnerabilidad identificada por esc├íner autom├ítico. Ref #215. Requiere priorizaci├│n.",2025-01-01,NULL,Activa,36
216,"Insecure Deserialization",Media,"Vulnerabilidad identificada por esc├íner autom├ítico. Ref #216. Requiere priorizaci├│n.",2025-09-02,NULL,Activa,20
217,"Cross-Site Scripting",Media,"Vulnerabilidad identificada por esc├íner autom├ítico. Ref #217. Requiere priorizaci├│n.",2025-06-04,2025-09-30,Resuelta,33
218,"Cross-Site Scripting",Baja,"Vulnerabilidad identificada por esc├íner autom├ítico. Ref #218. Requiere priorizaci├│n.",2025-11-06,NULL,Activa,39
219,"SQL Injection",Media,"Vulnerabilidad identificada por esc├íner autom├ítico. Ref #219. Requiere priorizaci├│n.",2025-03-25,2025-09-16,Resuelta,9
220,"Privilege Escalation",Baja,"Vulnerabilidad identificada por esc├íner autom├ítico. Ref #220. Requiere priorizaci├│n.",2025-07-25,NULL,Activa,28
221,"Privilege Escalation",Media,"Vulnerabilidad identificada por esc├íner autom├ítico. Ref #221. Requiere priorizaci├│n.",2025-04-06,2025-06-21,Resuelta,16
222,"SQL Injection",Media,"Vulnerabilidad identificada por esc├íner autom├ítico. Ref #222. Requiere priorizaci├│n.",2025-08-12,2025-05-26,Resuelta,4
223,RCE,Baja,"Vulnerabilidad identificada por esc├íner autom├ítico. Ref #223. Requiere priorizaci├│n.",2024-11-21,2025-05-26,Resuelta,18
224,"Cross-Site Scripting",Alta,"Vulnerabilidad identificada por esc├íner autom├ítico. Ref #224. Requiere priorizaci├│n.",2025-01-21,2025-06-12,Resuelta,28
225,"Privilege Escalation",Baja,"Vulnerabilidad identificada por esc├íner autom├ítico. Ref #225. Requiere priorizaci├│n.",2025-01-25,NULL,Activa,13
226,"Misconfigured Service",Baja,"Vulnerabilidad identificada por esc├íner autom├ítico. Ref #226. Requiere priorizaci├│n.",2025-07-07,NULL,Activa,5
227,"Misconfigured Service",Baja,"Vulnerabilidad identificada por esc├íner autom├ítico. Ref #227. Requiere priorizaci├│n.",2025-04-04,NULL,Activa,4
228,RCE,Alta,"Vulnerabilidad identificada por esc├íner autom├ítico. Ref #228. Requiere priorizaci├│n.",2025-09-23,2025-10-12,Resuelta,31
229,"Insecure Deserialization",Alta,"Vulnerabilidad identificada por esc├íner autom├ítico. Ref #229. Requiere priorizaci├│n.",2025-02-25,2025-06-10,Resuelta,10
230,"Buffer Overflow",Media,"Vulnerabilidad identificada por esc├íner autom├ítico. Ref #230. Requiere priorizaci├│n.",2025-06-20,NULL,Activa,7
231,"Cross-Site Scripting",Baja,"Vulnerabilidad identificada por esc├íner autom├ítico. Ref #231. Requiere priorizaci├│n.",2025-08-19,2025-10-17,Resuelta,9
232,"Privilege Escalation",Baja,"Vulnerabilidad identificada por esc├íner autom├ítico. Ref #232. Requiere priorizaci├│n.",2025-07-04,2025-08-18,Resuelta,31
233,"Buffer Overflow",Alta,"Vulnerabilidad identificada por esc├íner autom├ítico. Ref #233. Requiere priorizaci├│n.",2025-06-09,2025-09-12,Resuelta,36
234,"Privilege Escalation",Media,"Vulnerabilidad identificada por esc├íner autom├ítico. Ref #234. Requiere priorizaci├│n.",2025-09-18,NULL,Activa,8
235,"Default Credentials",Baja,"Vulnerabilidad identificada por esc├íner autom├ítico. Ref #235. Requiere priorizaci├│n.",2025-11-10,2025-10-27,Resuelta,28
236,"Open Port",Media,"Vulnerabilidad identificada por esc├íner autom├ítico. Ref #236. Requiere priorizaci├│n.",2025-06-29,NULL,Activa,28
237,"Misconfigured Service",Alta,"Vulnerabilidad identificada por esc├íner autom├ítico. Ref #237. Requiere priorizaci├│n.",2025-07-19,2025-07-15,Resuelta,23
238,"Insecure Deserialization",Baja,"Vulnerabilidad identificada por esc├íner autom├ítico. Ref #238. Requiere priorizaci├│n.",2025-02-10,2025-08-18,Resuelta,5
239,"Open Port",Baja,"Vulnerabilidad identificada por esc├íner autom├ítico. Ref #239. Requiere priorizaci├│n.",2025-07-16,NULL,Activa,4
240,"Misconfigured Service",Media,"Vulnerabilidad identificada por esc├íner autom├ítico. Ref #240. Requiere priorizaci├│n.",2025-01-09,NULL,Activa,38
241,"Insecure Deserialization",Media,"Vulnerabilidad identificada por esc├íner autom├ítico. Ref #241. Requiere priorizaci├│n.",2024-12-01,NULL,Activa,25
242,"Insecure Deserialization",Media,"Vulnerabilidad identificada por esc├íner autom├ítico. Ref #242. Requiere priorizaci├│n.",2025-03-18,2025-04-28,Resuelta,6
243,"Default Credentials",Alta,"Vulnerabilidad identificada por esc├íner autom├ítico. Ref #243. Requiere priorizaci├│n.",2025-02-10,2025-10-05,Resuelta,11
244,RCE,Alta,"Vulnerabilidad identificada por esc├íner autom├ítico. Ref #244. Requiere priorizaci├│n.",2025-04-20,2025-05-17,Resuelta,22
245,"Weak Cipher",Media,"Vulnerabilidad identificada por esc├íner autom├ítico. Ref #245. Requiere priorizaci├│n.",2025-03-11,NULL,Activa,11
246,"Buffer Overflow",Media,"Vulnerabilidad identificada por esc├íner autom├ítico. Ref #246. Requiere priorizaci├│n.",2024-12-31,NULL,Activa,20
247,RCE,Media,"Vulnerabilidad identificada por esc├íner autom├ítico. Ref #247. Requiere priorizaci├│n.",2025-02-12,NULL,Activa,4
248,"Default Credentials",Media,"Vulnerabilidad identificada por esc├íner autom├ítico. Ref #248. Requiere priorizaci├│n.",2024-12-12,2025-08-10,Resuelta,23
249,RCE,Media,"Vulnerabilidad identificada por esc├íner autom├ítico. Ref #249. Requiere priorizaci├│n.",2024-11-13,2025-11-09,Resuelta,12
250,"Open Port",Baja,"Vulnerabilidad identificada por esc├íner autom├ítico. Ref #250. Requiere priorizaci├│n.",2025-04-21,2025-11-01,Resuelta,20
251,"Insecure Deserialization",Alta,"Vulnerabilidad identificada por esc├íner autom├ítico. Ref #251. Requiere priorizaci├│n.",2025-04-07,2025-05-17,Resuelta,25
252,"Open Port",Alta,"Vulnerabilidad identificada por esc├íner autom├ítico. Ref #252. Requiere priorizaci├│n.",2025-07-25,NULL,Activa,13
253,"Weak Cipher",Baja,"Vulnerabilidad identificada por esc├íner autom├ítico. Ref #253. Requiere priorizaci├│n.",2025-01-14,2025-10-25,Resuelta,28
254,"Privilege Escalation",Media,"Vulnerabilidad identificada por esc├íner autom├ítico. Ref #254. Requiere priorizaci├│n.",2025-02-03,2025-10-19,Resuelta,1
255,"Cross-Site Scripting",Baja,"Vulnerabilidad identificada por esc├íner autom├ítico. Ref #255. Requiere priorizaci├│n.",2024-12-25,2025-10-03,Resuelta,1
256,"Misconfigured Service",Baja,"Vulnerabilidad identificada por esc├íner autom├ítico. Ref #256. Requiere priorizaci├│n.",2025-04-25,2025-10-12,Resuelta,33
257,"SQL Injection",Baja,"Vulnerabilidad identificada por esc├íner autom├ítico. Ref #257. Requiere priorizaci├│n.",2025-03-21,2025-11-07,Resuelta,5
258,"Privilege Escalation",Media,"Vulnerabilidad identificada por esc├íner autom├ítico. Ref #258. Requiere priorizaci├│n.",2025-03-19,NULL,Activa,1
259,RCE,Alta,"Vulnerabilidad identificada por esc├íner autom├ítico. Ref #259. Requiere priorizaci├│n.",2025-01-14,2025-07-12,Resuelta,26
260,RCE,Alta,"Vulnerabilidad identificada por esc├íner autom├ítico. Ref #260. Requiere priorizaci├│n.",2025-04-30,2025-11-07,Resuelta,39
261,"Open Port",Media,"Vulnerabilidad identificada por esc├íner autom├ítico. Ref #261. Requiere priorizaci├│n.",2025-09-02,2025-08-22,Resuelta,20
262,"SQL Injection",Baja,"Vulnerabilidad identificada por esc├íner autom├ítico. Ref #262. Requiere priorizaci├│n.",2025-03-12,2025-07-29,Resuelta,24
263,"Privilege Escalation",Baja,"Vulnerabilidad identificada por esc├íner autom├ítico. Ref #263. Requiere priorizaci├│n.",2024-12-06,NULL,Activa,40
264,"Privilege Escalation",Media,"Vulnerabilidad identificada por esc├íner autom├ítico. Ref #264. Requiere priorizaci├│n.",2025-07-11,NULL,Activa,9
265,"Open Port",Alta,"Vulnerabilidad identificada por esc├íner autom├ítico. Ref #265. Requiere priorizaci├│n.",2024-12-03,2025-06-13,Resuelta,33
266,"Privilege Escalation",Alta,"Vulnerabilidad identificada por esc├íner autom├ítico. Ref #266. Requiere priorizaci├│n.",2024-11-27,2025-08-16,Resuelta,19
267,"Misconfigured Service",Media,"Vulnerabilidad identificada por esc├íner autom├ítico. Ref #267. Requiere priorizaci├│n.",2025-05-23,NULL,Activa,4
268,"Insecure Deserialization",Media,"Vulnerabilidad identificada por esc├íner autom├ítico. Ref #268. Requiere priorizaci├│n.",2025-05-25,2025-07-20,Resuelta,26
269,"Open Port",Media,"Vulnerabilidad identificada por esc├íner autom├ítico. Ref #269. Requiere priorizaci├│n.",2025-10-06,2025-06-03,Resuelta,14
270,"Privilege Escalation",Alta,"Vulnerabilidad identificada por esc├íner autom├ítico. Ref #270. Requiere priorizaci├│n.",2025-03-17,NULL,Activa,38
271,"Misconfigured Service",Media,"Vulnerabilidad identificada por esc├íner autom├ítico. Ref #271. Requiere priorizaci├│n.",2024-12-06,2025-09-12,Resuelta,20
272,"Cross-Site Scripting",Media,"Vulnerabilidad identificada por esc├íner autom├ítico. Ref #272. Requiere priorizaci├│n.",2025-07-28,NULL,Activa,14
273,"Insecure Deserialization",Media,"Vulnerabilidad identificada por esc├íner autom├ítico. Ref #273. Requiere priorizaci├│n.",2024-12-19,2025-06-25,Resuelta,18
274,"Weak Cipher",Baja,"Vulnerabilidad identificada por esc├íner autom├ítico. Ref #274. Requiere priorizaci├│n.",2025-07-03,2025-06-30,Resuelta,28
275,"Misconfigured Service",Baja,"Vulnerabilidad identificada por esc├íner autom├ítico. Ref #275. Requiere priorizaci├│n.",2024-12-04,2025-07-26,Resuelta,21
276,"Weak Cipher",Media,"Vulnerabilidad identificada por esc├íner autom├ítico. Ref #276. Requiere priorizaci├│n.",2025-09-26,2025-06-06,Resuelta,6
277,"SQL Injection",Alta,"Vulnerabilidad identificada por esc├íner autom├ítico. Ref #277. Requiere priorizaci├│n.",2024-12-28,2025-07-24,Resuelta,8
278,"Misconfigured Service",Media,"Vulnerabilidad identificada por esc├íner autom├ítico. Ref #278. Requiere priorizaci├│n.",2025-11-03,NULL,Activa,21
279,"Privilege Escalation",Alta,"Vulnerabilidad identificada por esc├íner autom├ítico. Ref #279. Requiere priorizaci├│n.",2024-11-14,2025-09-09,Resuelta,29
280,"Weak Cipher",Baja,"Vulnerabilidad identificada por esc├íner autom├ítico. Ref #280. Requiere priorizaci├│n.",2025-01-30,NULL,Activa,20
281,"Default Credentials",Baja,"Vulnerabilidad identificada por esc├íner autom├ítico. Ref #281. Requiere priorizaci├│n.",2025-01-22,NULL,Activa,18
282,RCE,Baja,"Vulnerabilidad identificada por esc├íner autom├ítico. Ref #282. Requiere priorizaci├│n.",2025-06-26,NULL,Activa,40
283,"Insecure Deserialization",Media,"Vulnerabilidad identificada por esc├íner autom├ítico. Ref #283. Requiere priorizaci├│n.",2025-06-03,NULL,Activa,4
284,"Weak Cipher",Alta,"Vulnerabilidad identificada por esc├íner autom├ítico. Ref #284. Requiere priorizaci├│n.",2025-09-20,2025-06-04,Resuelta,28
285,"SQL Injection",Baja,"Vulnerabilidad identificada por esc├íner autom├ítico. Ref #285. Requiere priorizaci├│n.",2025-05-23,NULL,Activa,2
286,"Insecure Deserialization",Baja,"Vulnerabilidad identificada por esc├íner autom├ítico. Ref #286. Requiere priorizaci├│n.",2025-05-21,NULL,Activa,10
287,"Buffer Overflow",Baja,"Vulnerabilidad identificada por esc├íner autom├ítico. Ref #287. Requiere priorizaci├│n.",2025-03-08,NULL,Activa,16
288,"Insecure Deserialization",Baja,"Vulnerabilidad identificada por esc├íner autom├ítico. Ref #288. Requiere priorizaci├│n.",2024-12-19,NULL,Activa,11
289,"Privilege Escalation",Baja,"Vulnerabilidad identificada por esc├íner autom├ítico. Ref #289. Requiere priorizaci├│n.",2025-03-05,NULL,Activa,21
290,"Insecure Deserialization",Baja,"Vulnerabilidad identificada por esc├íner autom├ítico. Ref #290. Requiere priorizaci├│n.",2025-09-22,NULL,Activa,19
291,"SQL Injection",Media,"Vulnerabilidad identificada por esc├íner autom├ítico. Ref #291. Requiere priorizaci├│n.",2025-05-30,NULL,Activa,24
292,"Insecure Deserialization",Baja,"Vulnerabilidad identificada por esc├íner autom├ítico. Ref #292. Requiere priorizaci├│n.",2025-03-06,2025-07-23,Resuelta,23
293,"Buffer Overflow",Media,"Vulnerabilidad identificada por esc├íner autom├ítico. Ref #293. Requiere priorizaci├│n.",2025-06-01,2025-05-13,Resuelta,20
294,"Misconfigured Service",Media,"Vulnerabilidad identificada por esc├íner autom├ítico. Ref #294. Requiere priorizaci├│n.",2025-08-29,2025-05-10,Resuelta,13
295,"Weak Cipher",Alta,"Vulnerabilidad identificada por esc├íner autom├ítico. Ref #295. Requiere priorizaci├│n.",2025-05-25,NULL,Activa,19
296,"Weak Cipher",Baja,"Vulnerabilidad identificada por esc├íner autom├ítico. Ref #296. Requiere priorizaci├│n.",2025-10-21,2025-09-11,Resuelta,15
297,"Insecure Deserialization",Alta,"Vulnerabilidad identificada por esc├íner autom├ítico. Ref #297. Requiere priorizaci├│n.",2025-05-01,2025-08-18,Resuelta,2
298,"Default Credentials",Media,"Vulnerabilidad identificada por esc├íner autom├ítico. Ref #298. Requiere priorizaci├│n.",2025-02-03,2025-07-19,Resuelta,12
299,"Insecure Deserialization",Media,"Vulnerabilidad identificada por esc├íner autom├ítico. Ref #299. Requiere priorizaci├│n.",2025-09-09,2025-05-16,Resuelta,36
300,"Open Port",Alta,"Vulnerabilidad identificada por esc├íner autom├ítico. Ref #300. Requiere priorizaci├│n.",2024-11-24,NULL,Activa,6
301,"Buffer Overflow",Media,"Vulnerabilidad identificada por esc├íner autom├ítico. Ref #301. Requiere priorizaci├│n.",2025-09-28,2025-04-30,Resuelta,12
302,"Weak Cipher",Alta,"Vulnerabilidad identificada por esc├íner autom├ítico. Ref #302. Requiere priorizaci├│n.",2025-07-05,NULL,Activa,24
303,"Buffer Overflow",Baja,"Vulnerabilidad identificada por esc├íner autom├ítico. Ref #303. Requiere priorizaci├│n.",2025-03-07,NULL,Activa,23
304,"Weak Cipher",Alta,"Vulnerabilidad identificada por esc├íner autom├ítico. Ref #304. Requiere priorizaci├│n.",2025-06-23,2025-06-01,Resuelta,16
305,"Privilege Escalation",Baja,"Vulnerabilidad identificada por esc├íner autom├ítico. Ref #305. Requiere priorizaci├│n.",2025-02-16,NULL,Activa,6
306,"Buffer Overflow",Baja,"Vulnerabilidad identificada por esc├íner autom├ítico. Ref #306. Requiere priorizaci├│n.",2025-06-07,NULL,Activa,3
307,"Insecure Deserialization",Media,"Vulnerabilidad identificada por esc├íner autom├ítico. Ref #307. Requiere priorizaci├│n.",2025-04-13,2025-06-01,Resuelta,12
308,"Cross-Site Scripting",Alta,"Vulnerabilidad identificada por esc├íner autom├ítico. Ref #308. Requiere priorizaci├│n.",2025-04-14,NULL,Activa,36
309,"Buffer Overflow",Media,"Vulnerabilidad identificada por esc├íner autom├ítico. Ref #309. Requiere priorizaci├│n.",2025-05-13,NULL,Activa,6
310,"Misconfigured Service",Media,"Vulnerabilidad identificada por esc├íner autom├ítico. Ref #310. Requiere priorizaci├│n.",2024-12-05,2025-10-02,Resuelta,3
311,"Open Port",Alta,"Vulnerabilidad identificada por esc├íner autom├ítico. Ref #311. Requiere priorizaci├│n.",2025-02-28,2025-09-18,Resuelta,38
312,RCE,Media,"Vulnerabilidad identificada por esc├íner autom├ítico. Ref #312. Requiere priorizaci├│n.",2024-12-09,2025-09-08,Resuelta,11
313,"Misconfigured Service",Alta,"Vulnerabilidad identificada por esc├íner autom├ítico. Ref #313. Requiere priorizaci├│n.",2025-06-07,NULL,Activa,37
314,"Privilege Escalation",Media,"Vulnerabilidad identificada por esc├íner autom├ítico. Ref #314. Requiere priorizaci├│n.",2025-02-09,2025-10-19,Resuelta,6
315,"Weak Cipher",Alta,"Vulnerabilidad identificada por esc├íner autom├ítico. Ref #315. Requiere priorizaci├│n.",2025-04-27,2025-06-04,Resuelta,31
316,RCE,Baja,"Vulnerabilidad identificada por esc├íner autom├ítico. Ref #316. Requiere priorizaci├│n.",2024-11-20,2025-07-07,Resuelta,9
317,"Privilege Escalation",Baja,"Vulnerabilidad identificada por esc├íner autom├ítico. Ref #317. Requiere priorizaci├│n.",2025-02-14,NULL,Activa,15
318,"Weak Cipher",Media,"Vulnerabilidad identificada por esc├íner autom├ítico. Ref #318. Requiere priorizaci├│n.",2025-01-13,NULL,Activa,33
319,"Buffer Overflow",Media,"Vulnerabilidad identificada por esc├íner autom├ítico. Ref #319. Requiere priorizaci├│n.",2024-12-15,NULL,Activa,33
320,"Misconfigured Service",Baja,"Vulnerabilidad identificada por esc├íner autom├ítico. Ref #320. Requiere priorizaci├│n.",2025-02-04,NULL,Activa,23
